id,terrestrial_date,sol,ls,month,min_temp,pressure
2,2012-08-16,1345075200000000000,155,6,-75.0,739.0
13,2012-08-17,1345161600000000000,156,6,-76.0,740.0
24,2012-08-18,1345248000000000000,156,6,-76.0,741.0
35,2012-08-19,1345334400000000000,157,6,-74.0,732.0
46,2012-08-20,1345420800000000000,157,6,-74.0,740.0
57,2012-08-21,1345507200000000000,158,6,-78.0,740.0
68,2012-08-22,1345593600000000000,158,6,-77.0,740.0
79,2012-08-23,1345680000000000000,159,6,-76.0,742.0
112,2012-08-27,1346025600000000000,161,6,-74.0,741.0
114,2012-08-28,1346112000000000000,162,6,-74.0,742.0
123,2012-08-29,1346198400000000000,162,6,-75.0,741.0
134,2012-08-30,1346284800000000000,163,6,-75.0,742.0
145,2012-08-31,1346371200000000000,163,6,-75.0,743.0
156,2012-09-01,1346457600000000000,164,6,-76.0,745.0
163,2012-09-02,1346544000000000000,164,6,-75.0,743.0
170,2012-09-03,1346630400000000000,165,6,-75.0,745.0
171,2012-09-04,1346716800000000000,166,6,-75.0,747.0
172,2012-09-05,1346803200000000000,166,6,-74.0,747.0
173,2012-09-06,1346889600000000000,167,6,-74.0,745.0
175,2012-09-08,1347062400000000000,168,6,-73.0,748.0
176,2012-09-10,1347235200000000000,168,6,-73.0,748.0
177,2012-09-11,1347321600000000000,169,6,-73.0,749.0
178,2012-09-12,1347408000000000000,169,6,-73.0,750.0
179,2012-09-13,1347494400000000000,170,6,-73.0,750.0
180,2012-09-14,1347580800000000000,171,6,-73.0,750.0
181,2012-09-15,1347667200000000000,171,6,-75.0,751.0
182,2012-09-16,1347753600000000000,172,6,-75.0,753.0
183,2012-09-17,1347840000000000000,172,6,-75.0,753.0
184,2012-09-18,1347926400000000000,173,6,-75.0,754.0
185,2012-09-19,1348012800000000000,173,6,-74.0,756.0
186,2012-09-20,1348099200000000000,174,6,-75.0,757.0
187,2012-09-21,1348185600000000000,175,6,-74.0,758.0
188,2012-09-22,1348272000000000000,175,6,-74.0,758.0
189,2012-09-23,1348358400000000000,176,6,-75.0,758.0
190,2012-09-24,1348444800000000000,176,6,-75.0,759.0
191,2012-09-25,1348531200000000000,177,6,-74.0,761.0
192,2012-09-26,1348617600000000000,177,6,-72.0,761.0
193,2012-09-27,1348704000000000000,178,6,-76.0,762.0
194,2012-09-28,1348790400000000000,179,6,-74.0,762.0
195,2012-09-29,1348876800000000000,179,6,-71.0,764.0
196,2012-09-30,1348963200000000000,180,7,-72.0,766.0
197,2012-10-01,1349049600000000000,180,7,-74.0,766.0
198,2012-10-02,1349136000000000000,181,7,-73.0,768.0
199,2012-10-03,1349222400000000000,181,7,-73.0,769.0
200,2012-10-04,1349308800000000000,182,7,-74.0,769.0
201,2012-10-05,1349395200000000000,183,7,-76.0,771.0
202,2012-10-06,1349481600000000000,183,7,-75.0,772.0
203,2012-10-07,1349568000000000000,184,7,-72.0,772.0
204,2012-10-08,1349654400000000000,184,7,-72.0,774.0
205,2012-10-09,1349740800000000000,185,7,-73.0,775.0
206,2012-10-10,1349827200000000000,186,7,-74.0,776.0
207,2012-10-11,1349913600000000000,186,7,-72.0,777.0
208,2012-10-12,1350000000000000000,187,7,-73.0,778.0
209,2012-10-13,1350086400000000000,187,7,-73.0,780.0
210,2012-10-14,1350172800000000000,188,7,-71.0,781.0
211,2012-10-15,1350259200000000000,189,7,-73.0,778.0
212,2012-10-17,1350432000000000000,189,7,-72.0,783.0
213,2012-10-18,1350518400000000000,190,7,-71.0,784.0
214,2012-10-19,1350604800000000000,190,7,-73.0,785.0
215,2012-10-20,1350691200000000000,191,7,-70.0,788.0
216,2012-10-21,1350777600000000000,192,7,-72.0,790.0
217,2012-10-22,1350864000000000000,192,7,-73.0,791.0
218,2012-10-23,1350950400000000000,193,7,-73.0,792.0
219,2012-10-24,1351036800000000000,193,7,-71.0,792.0
220,2012-10-25,1351123200000000000,194,7,-71.0,793.0
221,2012-10-26,1351209600000000000,195,7,-73.0,795.0
222,2012-10-27,1351296000000000000,195,7,-70.0,796.0
223,2012-10-28,1351382400000000000,196,7,-72.0,798.0
224,2012-10-29,1351468800000000000,196,7,-72.0,799.0
225,2012-10-30,1351555200000000000,197,7,-72.0,801.0
226,2012-10-31,1351641600000000000,198,7,-70.0,801.0
227,2012-11-01,1351728000000000000,198,7,-71.0,805.0
228,2012-11-02,1351814400000000000,199,7,-71.0,808.0
229,2012-11-03,1351900800000000000,199,7,-70.0,808.0
230,2012-11-04,1351987200000000000,200,7,-70.0,811.0
231,2012-11-05,1352073600000000000,201,7,-73.0,813.0
233,2012-11-06,1352160000000000000,201,7,-71.0,813.0
234,2012-11-07,1352246400000000000,202,7,-74.0,817.0
235,2012-11-08,1352332800000000000,202,7,-74.0,820.0
236,2012-11-09,1352419200000000000,203,7,-72.0,819.0
237,2012-11-10,1352505600000000000,204,7,-70.0,822.0
238,2012-11-11,1352592000000000000,204,7,-68.0,822.0
239,2012-11-12,1352678400000000000,205,7,-71.0,826.0
240,2012-11-13,1352764800000000000,206,7,-68.0,828.0
241,2012-11-14,1352851200000000000,206,7,-68.0,828.0
242,2012-11-15,1352937600000000000,207,7,-68.0,829.0
3,2012-11-16,1353024000000000000,207,7,-66.0,829.0
4,2012-11-17,1353110400000000000,208,7,-65.0,830.0
5,2012-11-18,1353196800000000000,209,7,-67.0,833.0
6,2012-11-19,1353283200000000000,209,7,-66.0,836.0
7,2012-11-20,1353369600000000000,210,8,-67.0,838.0
8,2012-11-21,1353456000000000000,211,8,-66.0,839.0
9,2012-11-23,1353628800000000000,211,8,-66.0,841.0
10,2012-11-24,1353715200000000000,212,8,-66.0,844.0
11,2012-11-25,1353801600000000000,212,8,-65.0,845.0
12,2012-11-26,1353888000000000000,213,8,-64.0,844.0
14,2012-11-27,1353974400000000000,214,8,-65.0,848.0
15,2012-11-28,1354060800000000000,214,8,-66.0,849.0
16,2012-11-29,1354147200000000000,215,8,-65.0,852.0
17,2012-11-30,1354233600000000000,216,8,-66.0,857.0
18,2012-12-01,1354320000000000000,216,8,-69.0,857.0
19,2012-12-02,1354406400000000000,217,8,-66.0,857.0
20,2012-12-03,1354492800000000000,217,8,-67.0,859.0
21,2012-12-04,1354579200000000000,218,8,-66.0,861.0
22,2012-12-05,1354665600000000000,219,8,-65.0,864.0
23,2012-12-06,1354752000000000000,219,8,-66.0,866.0
25,2012-12-07,1354838400000000000,220,8,-67.0,867.0
26,2012-12-08,1354924800000000000,221,8,-66.0,869.0
27,2012-12-09,1355011200000000000,221,8,-65.0,869.0
28,2012-12-10,1355097600000000000,222,8,-66.0,875.0
29,2012-12-11,1355184000000000000,223,8,-66.0,876.0
30,2012-12-12,1355270400000000000,223,8,-68.0,880.0
31,2012-12-13,1355356800000000000,224,8,-66.0,880.0
32,2012-12-14,1355443200000000000,224,8,-67.0,884.0
33,2012-12-15,1355529600000000000,225,8,-67.0,883.0
34,2012-12-16,1355616000000000000,226,8,-65.0,886.0
36,2012-12-17,1355702400000000000,226,8,-65.0,888.0
37,2012-12-18,1355788800000000000,227,8,-65.0,889.0
38,2012-12-19,1355875200000000000,228,8,-65.0,890.0
39,2012-12-20,1355961600000000000,228,8,-65.0,891.0
40,2012-12-21,1356048000000000000,229,8,-67.0,893.0
41,2012-12-22,1356134400000000000,230,8,-65.0,894.0
42,2012-12-23,1356220800000000000,230,8,-65.0,897.0
43,2012-12-24,1356307200000000000,231,8,-64.0,896.0
44,2012-12-25,1356393600000000000,232,8,-65.0,899.0
45,2012-12-26,1356480000000000000,232,8,-66.0,899.0
47,2012-12-27,1356566400000000000,233,8,-66.0,903.0
48,2012-12-28,1356652800000000000,233,8,-64.0,904.0
49,2012-12-29,1356739200000000000,234,8,-65.0,906.0
50,2012-12-31,1356912000000000000,235,8,-63.0,908.0
51,2013-01-01,1356998400000000000,235,8,-64.0,907.0
52,2013-01-02,1357084800000000000,236,8,-64.0,909.0
53,2013-01-03,1357171200000000000,237,8,-65.0,908.0
54,2013-01-04,1357257600000000000,237,8,-65.0,914.0
55,2013-01-05,1357344000000000000,238,8,-65.0,912.0
56,2013-01-06,1357430400000000000,239,8,-65.0,914.0
58,2013-01-07,1357516800000000000,239,8,-64.0,913.0
59,2013-01-08,1357603200000000000,240,9,-65.0,915.0
60,2013-01-09,1357689600000000000,241,9,-63.0,914.0
61,2013-01-10,1357776000000000000,241,9,-65.0,915.0
62,2013-01-11,1357862400000000000,242,9,-65.0,917.0
63,2013-01-12,1357948800000000000,243,9,-64.0,917.0
64,2013-01-13,1358035200000000000,243,9,-65.0,922.0
65,2013-01-14,1358121600000000000,244,9,-64.0,920.0
66,2013-01-15,1358208000000000000,245,9,-66.0,922.0
67,2013-01-16,1358294400000000000,245,9,-65.0,918.0
69,2013-01-17,1358380800000000000,246,9,-67.0,919.0
70,2013-01-18,1358467200000000000,246,9,-65.0,919.0
71,2013-01-19,1358553600000000000,247,9,-65.0,919.0
72,2013-01-20,1358640000000000000,248,9,-65.0,919.0
73,2013-01-21,1358726400000000000,248,9,-64.0,919.0
74,2013-01-22,1358812800000000000,249,9,-65.0,922.0
75,2013-01-23,1358899200000000000,250,9,-65.0,922.0
76,2013-01-24,1358985600000000000,250,9,-65.0,920.0
77,2013-01-25,1359072000000000000,251,9,-66.0,923.0
78,2013-01-26,1359158400000000000,252,9,-66.0,922.0
80,2013-01-27,1359244800000000000,252,9,-66.0,925.0
81,2013-01-28,1359331200000000000,253,9,-67.0,925.0
82,2013-01-29,1359417600000000000,254,9,-67.0,923.0
83,2013-01-30,1359504000000000000,254,9,-67.0,920.0
84,2013-01-31,1359590400000000000,255,9,-67.0,921.0
85,2013-02-01,1359676800000000000,256,9,-68.0,921.0
86,2013-02-02,1359763200000000000,256,9,-67.0,920.0
87,2013-02-03,1359849600000000000,257,9,-66.0,921.0
88,2013-02-04,1359936000000000000,258,9,-66.0,920.0
89,2013-02-06,1360108800000000000,258,9,-66.0,920.0
91,2013-02-07,1360195200000000000,259,9,-67.0,919.0
92,2013-02-08,1360281600000000000,260,9,-67.0,918.0
93,2013-02-09,1360368000000000000,260,9,-67.0,921.0
94,2013-02-10,1360454400000000000,261,9,-67.0,921.0
95,2013-02-11,1360540800000000000,261,9,-67.0,923.0
96,2013-02-12,1360627200000000000,262,9,-67.0,923.0
97,2013-02-13,1360713600000000000,263,9,-66.0,922.0
98,2013-02-14,1360800000000000000,263,9,-67.0,921.0
99,2013-02-15,1360886400000000000,264,9,-68.0,920.0
100,2013-02-16,1360972800000000000,265,9,-68.0,920.0
102,2013-02-17,1361059200000000000,265,9,-66.0,917.0
103,2013-02-18,1361145600000000000,266,9,-67.0,921.0
106,2013-02-23,1361577600000000000,269,9,-66.0,916.0
107,2013-02-24,1361664000000000000,270,10,-68.0,915.0
108,2013-02-25,1361750400000000000,271,10,-67.0,914.0
109,2013-02-26,1361836800000000000,271,10,-66.0,917.0
116,2013-03-23,1363996800000000000,287,10,-71.0,895.0
117,2013-03-24,1364083200000000000,287,10,-69.0,894.0
118,2013-03-25,1364169600000000000,288,10,-71.0,894.0
119,2013-03-26,1364256000000000000,288,10,-70.0,894.0
120,2013-03-27,1364342400000000000,289,10,-70.0,892.0
121,2013-03-28,1364428800000000000,290,10,-71.0,894.0
122,2013-03-29,1364515200000000000,290,10,-69.0,894.0
124,2013-03-30,1364601600000000000,291,10,-69.0,888.0
125,2013-03-31,1364688000000000000,292,10,-71.0,890.0
126,2013-04-01,1364774400000000000,292,10,-69.0,888.0
127,2013-04-02,1364860800000000000,293,10,-69.0,889.0
128,2013-04-03,1364947200000000000,293,10,-69.0,890.0
129,2013-04-04,1365033600000000000,294,10,-70.0,886.0
130,2013-04-05,1365120000000000000,295,10,-72.0,886.0
131,2013-04-06,1365206400000000000,295,10,-71.0,883.0
132,2013-04-07,1365292800000000000,296,10,-70.0,885.0
133,2013-04-08,1365379200000000000,297,10,-73.0,885.0
135,2013-04-09,1365465600000000000,297,10,-70.0,884.0
136,2013-04-10,1365552000000000000,298,10,-72.0,884.0
137,2013-04-11,1365638400000000000,298,10,-70.0,881.0
138,2013-04-12,1365724800000000000,299,10,-71.0,884.0
139,2013-04-13,1365811200000000000,300,11,-69.0,878.0
140,2013-04-14,1365897600000000000,300,11,-70.0,879.0
141,2013-04-15,1365984000000000000,301,11,-73.0,878.0
142,2013-04-16,1366070400000000000,301,11,-71.0,873.0
143,2013-04-17,1366156800000000000,302,11,-70.0,877.0
144,2013-04-18,1366243200000000000,303,11,-69.0,873.0
146,2013-04-19,1366329600000000000,303,11,-70.0,877.0
147,2013-04-20,1366416000000000000,304,11,-71.0,876.0
148,2013-04-22,1366588800000000000,304,11,-71.0,874.0
149,2013-04-23,1366675200000000000,305,11,-71.0,877.0
150,2013-04-24,1366761600000000000,306,11,-70.0,871.0
151,2013-04-25,1366848000000000000,306,11,-69.0,877.0
152,2013-04-26,1366934400000000000,307,11,-70.0,871.0
153,2013-04-27,1367020800000000000,308,11,-70.0,871.0
154,2013-04-28,1367107200000000000,308,11,-71.0,869.0
155,2013-04-29,1367193600000000000,309,11,-72.0,871.0
157,2013-04-30,1367280000000000000,309,11,-70.0,875.0
158,2013-05-01,1367366400000000000,310,11,-70.0,868.0
161,2013-05-08,1367971200000000000,314,11,-70.0,864.0
162,2013-05-09,1368057600000000000,315,11,-72.0,866.0
164,2013-05-10,1368144000000000000,315,11,-67.0,863.0
165,2013-05-11,1368230400000000000,316,11,-69.0,864.0
166,2013-05-12,1368316800000000000,316,11,-71.0,864.0
167,2013-05-13,1368403200000000000,317,11,-70.0,861.0
168,2013-05-14,1368489600000000000,318,11,-70.0,861.0
169,2013-05-15,1368576000000000000,318,11,-67.0,860.0
244,2013-05-16,1368662400000000000,319,11,-69.0,858.0
245,2013-05-17,1368748800000000000,319,11,-69.0,857.0
246,2013-05-18,1368835200000000000,320,11,-67.0,855.0
247,2013-05-19,1368921600000000000,321,11,-68.0,856.0
248,2013-05-20,1369008000000000000,321,11,-69.0,856.0
249,2013-05-21,1369094400000000000,322,11,-68.0,855.0
250,2013-05-22,1369180800000000000,322,11,-72.0,856.0
251,2013-05-23,1369267200000000000,323,11,-68.0,854.0
252,2013-05-24,1369353600000000000,323,11,-71.0,854.0
253,2013-05-25,1369440000000000000,324,11,-70.0,852.0
254,2013-05-26,1369526400000000000,325,11,-71.0,854.0
255,2013-05-27,1369612800000000000,325,11,-72.0,856.0
256,2013-05-29,1369785600000000000,326,11,-69.0,854.0
257,2013-05-30,1369872000000000000,326,11,-71.0,854.0
258,2013-05-31,1369958400000000000,327,11,-71.0,853.0
259,2013-06-01,1370044800000000000,327,11,-70.0,853.0
260,2013-06-02,1370131200000000000,328,11,-71.0,853.0
261,2013-06-03,1370217600000000000,329,11,-72.0,850.0
262,2013-06-04,1370304000000000000,329,11,-72.0,852.0
263,2013-06-05,1370390400000000000,330,12,-71.0,853.0
264,2013-06-06,1370476800000000000,330,12,-71.0,850.0
265,2013-06-07,1370563200000000000,331,12,-72.0,849.0
266,2013-06-08,1370649600000000000,331,12,-72.0,850.0
267,2013-06-09,1370736000000000000,332,12,-71.0,849.0
286,2013-06-10,1370822400000000000,333,12,-72.0,852.0
276,2013-06-11,1370908800000000000,333,12,-73.0,852.0
287,2013-06-12,1370995200000000000,334,12,-71.0,850.0
283,2013-06-13,1371081600000000000,334,12,-71.0,849.0
281,2013-06-14,1371168000000000000,335,12,-70.0,848.0
275,2013-06-15,1371254400000000000,335,12,-71.0,847.0
280,2013-06-16,1371340800000000000,336,12,-71.0,848.0
279,2013-06-17,1371427200000000000,336,12,-72.0,851.0
282,2013-06-18,1371513600000000000,337,12,-73.0,850.0
284,2013-06-19,1371600000000000000,338,12,-72.0,848.0
278,2013-06-20,1371686400000000000,338,12,-71.0,849.0
277,2013-06-21,1371772800000000000,339,12,-74.0,846.0
285,2013-06-22,1371859200000000000,339,12,-71.0,845.0
274,2013-06-23,1371945600000000000,340,12,-77.0,849.0
272,2013-06-24,1372032000000000000,340,12,-73.0,848.0
273,2013-06-25,1372118400000000000,341,12,-74.0,850.0
288,2013-06-26,1372204800000000000,341,12,-74.0,851.0
268,2013-06-27,1372291200000000000,342,12,-72.0,849.0
270,2013-06-28,1372377600000000000,342,12,-74.0,849.0
271,2013-06-29,1372464000000000000,343,12,-73.0,847.0
269,2013-06-30,1372550400000000000,344,12,-74.0,846.0
289,2013-07-01,1372636800000000000,344,12,-75.0,847.0
291,2013-07-02,1372723200000000000,345,12,-74.0,849.0
290,2013-07-03,1372809600000000000,345,12,-74.0,847.0
292,2013-07-04,1372896000000000000,346,12,-75.0,850.0
294,2013-07-06,1373068800000000000,346,12,-74.0,847.0
295,2013-07-07,1373155200000000000,347,12,-72.0,848.0
296,2013-07-08,1373241600000000000,347,12,-74.0,848.0
293,2013-07-09,1373328000000000000,348,12,-75.0,847.0
298,2013-07-10,1373414400000000000,348,12,-74.0,847.0
297,2013-07-11,1373500800000000000,349,12,-75.0,848.0
303,2013-07-12,1373587200000000000,349,12,-74.0,848.0
300,2013-07-13,1373673600000000000,350,12,-76.0,849.0
299,2013-07-14,1373760000000000000,350,12,-75.0,849.0
301,2013-07-15,1373846400000000000,351,12,-74.0,852.0
302,2013-07-16,1373932800000000000,352,12,-76.0,852.0
305,2013-07-17,1374019200000000000,352,12,-76.0,852.0
304,2013-07-18,1374105600000000000,353,12,-75.0,853.0
306,2013-07-19,1374192000000000000,353,12,-78.0,848.0
308,2013-07-20,1374278400000000000,354,12,-76.0,849.0
307,2013-07-21,1374364800000000000,354,12,-76.0,851.0
310,2013-07-22,1374451200000000000,355,12,-77.0,852.0
309,2013-07-23,1374537600000000000,355,12,-76.0,851.0
311,2013-07-24,1374624000000000000,356,12,-77.0,850.0
317,2013-07-25,1374710400000000000,356,12,-77.0,851.0
312,2013-07-26,1374796800000000000,357,12,-77.0,853.0
314,2013-07-27,1374883200000000000,357,12,-76.0,853.0
313,2013-07-28,1374969600000000000,358,12,-77.0,851.0
315,2013-07-29,1375056000000000000,358,12,-74.0,850.0
316,2013-07-30,1375142400000000000,359,12,-75.0,852.0
318,2013-07-31,1375228800000000000,359,12,-76.0,853.0
320,2013-08-01,1375315200000000000,0,1,-75.0,853.0
319,2013-08-02,1375401600000000000,0,1,-77.0,854.0
323,2013-08-03,1375488000000000000,1,1,-75.0,855.0
322,2013-08-04,1375574400000000000,1,1,-75.0,857.0
321,2013-08-05,1375660800000000000,2,1,-75.0,857.0
324,2013-08-06,1375747200000000000,2,1,-77.0,856.0
325,2013-08-07,1375833600000000000,3,1,-76.0,857.0
326,2013-08-17,1376697600000000000,7,1,-76.0,861.0
328,2013-08-18,1376784000000000000,8,1,-76.0,862.0
330,2013-08-19,1376870400000000000,8,1,-77.0,863.0
331,2013-08-20,1376956800000000000,9,1,-75.0,865.0
332,2013-08-21,1377043200000000000,9,1,-79.0,865.0
333,2013-08-22,1377129600000000000,10,1,-77.0,865.0
334,2013-08-23,1377216000000000000,10,1,-76.0,866.0
335,2013-08-24,1377302400000000000,11,1,-79.0,866.0
337,2013-08-25,1377388800000000000,11,1,-79.0,866.0
336,2013-08-26,1377475200000000000,12,1,-77.0,867.0
340,2013-08-27,1377561600000000000,12,1,-78.0,870.0
338,2013-08-28,1377648000000000000,13,1,-78.0,870.0
339,2013-08-29,1377734400000000000,13,1,-78.0,869.0
341,2013-08-30,1377820800000000000,14,1,-79.0,870.0
343,2013-08-31,1377907200000000000,14,1,-79.0,870.0
345,2013-09-01,1377993600000000000,15,1,-79.0,871.0
344,2013-09-02,1378080000000000000,15,1,-76.0,872.0
342,2013-09-03,1378166400000000000,16,1,-77.0,874.0
346,2013-09-04,1378252800000000000,16,1,-77.0,875.0
351,2013-09-05,1378339200000000000,17,1,-78.0,874.0
347,2013-09-06,1378425600000000000,17,1,-77.0,873.0
349,2013-09-07,1378512000000000000,18,1,-78.0,874.0
350,2013-09-08,1378598400000000000,18,1,-79.0,875.0
348,2013-09-09,1378684800000000000,19,1,-79.0,875.0
352,2013-09-10,1378771200000000000,19,1,-78.0,875.0
353,2013-09-11,1378857600000000000,20,1,-78.0,875.0
354,2013-09-12,1378944000000000000,20,1,-77.0,876.0
355,2013-09-13,1379030400000000000,21,1,-76.0,877.0
356,2013-09-14,1379116800000000000,21,1,-79.0,878.0
357,2013-09-15,1379203200000000000,22,1,-77.0,878.0
358,2013-09-16,1379289600000000000,22,1,-78.0,879.0
359,2013-09-18,1379462400000000000,23,1,-75.0,880.0
360,2013-09-19,1379548800000000000,23,1,-79.0,880.0
361,2013-09-20,1379635200000000000,24,1,-79.0,881.0
363,2013-09-21,1379721600000000000,24,1,-79.0,881.0
362,2013-09-22,1379808000000000000,25,1,-79.0,882.0
365,2013-09-23,1379894400000000000,25,1,-78.0,883.0
364,2013-09-24,1379980800000000000,25,1,-80.0,883.0
367,2013-09-25,1380067200000000000,26,1,-78.0,884.0
366,2013-09-26,1380153600000000000,26,1,-82.0,885.0
374,2013-09-27,1380240000000000000,27,1,-81.0,886.0
370,2013-09-28,1380326400000000000,27,1,-81.0,887.0
369,2013-09-29,1380412800000000000,28,1,-80.0,887.0
368,2013-09-30,1380499200000000000,28,1,-81.0,887.0
373,2013-10-01,1380585600000000000,29,1,-81.0,888.0
372,2013-10-02,1380672000000000000,29,1,-82.0,887.0
371,2013-10-03,1380758400000000000,30,2,-80.0,888.0
376,2013-10-04,1380844800000000000,30,2,-82.0,888.0
375,2013-10-05,1380931200000000000,31,2,-79.0,889.0
377,2013-10-06,1381017600000000000,31,2,-82.0,890.0
378,2013-10-07,1381104000000000000,32,2,-79.0,889.0
379,2013-10-08,1381190400000000000,32,2,-82.0,890.0
380,2013-10-09,1381276800000000000,33,2,-79.0,891.0
381,2013-10-10,1381363200000000000,33,2,-82.0,891.0
385,2013-10-11,1381449600000000000,33,2,-80.0,892.0
382,2013-10-12,1381536000000000000,34,2,-81.0,890.0
384,2013-10-13,1381622400000000000,34,2,-82.0,891.0
383,2013-10-14,1381708800000000000,35,2,-81.0,892.0
386,2013-10-15,1381795200000000000,35,2,-81.0,893.0
393,2013-10-16,1381881600000000000,36,2,-81.0,893.0
388,2013-10-17,1381968000000000000,36,2,-79.0,893.0
392,2013-10-18,1382054400000000000,37,2,-81.0,893.0
391,2013-10-19,1382140800000000000,37,2,-81.0,894.0
387,2013-10-20,1382227200000000000,38,2,-82.0,895.0
390,2013-10-21,1382313600000000000,38,2,-82.0,896.0
389,2013-10-22,1382400000000000000,39,2,-83.0,895.0
395,2013-10-23,1382486400000000000,39,2,-80.0,896.0
394,2013-10-24,1382572800000000000,40,2,-81.0,895.0
397,2013-10-26,1382745600000000000,40,2,-80.0,896.0
396,2013-10-27,1382832000000000000,40,2,-81.0,896.0
398,2013-10-28,1382918400000000000,41,2,-81.0,897.0
399,2013-10-29,1383004800000000000,41,2,-82.0,898.0
400,2013-10-30,1383091200000000000,42,2,-79.0,899.0
401,2013-10-31,1383177600000000000,42,2,-80.0,899.0
404,2013-11-01,1383264000000000000,43,2,-80.0,899.0
402,2013-11-02,1383350400000000000,43,2,-81.0,900.0
405,2013-11-03,1383436800000000000,44,2,-80.0,900.0
403,2013-11-04,1383523200000000000,44,2,-81.0,901.0
407,2013-11-16,1384560000000000000,50,2,-84.0,905.0
406,2013-11-17,1384646400000000000,50,2,-83.0,905.0
409,2013-11-24,1385251200000000000,53,2,-86.0,906.0
410,2013-11-25,1385337600000000000,54,2,-84.0,906.0
412,2013-11-26,1385424000000000000,54,2,-85.0,906.0
415,2013-11-27,1385510400000000000,55,2,-85.0,907.0
411,2013-11-28,1385596800000000000,55,2,-84.0,907.0
414,2013-11-29,1385683200000000000,55,2,-85.0,907.0
413,2013-11-30,1385769600000000000,56,2,-85.0,908.0
475,2013-12-02,1385942400000000000,56,2,-85.0,907.0
479,2013-12-03,1386028800000000000,57,2,-84.0,906.0
416,2013-12-04,1386115200000000000,57,2,-84.0,907.0
417,2013-12-05,1386201600000000000,58,2,-86.0,907.0
420,2013-12-06,1386288000000000000,58,2,-84.0,906.0
419,2013-12-07,1386374400000000000,59,2,-85.0,906.0
418,2013-12-08,1386460800000000000,59,2,-85.0,906.0
421,2013-12-09,1386547200000000000,60,3,-85.0,907.0
422,2013-12-18,1387324800000000000,64,3,-84.0,904.0
473,2013-12-19,1387411200000000000,64,3,-85.0,904.0
480,2013-12-20,1387497600000000000,64,3,-87.0,903.0
423,2013-12-21,1387584000000000000,65,3,-85.0,904.0
434,2013-12-22,1387670400000000000,65,3,-87.0,903.0
433,2013-12-23,1387756800000000000,66,3,-86.0,903.0
427,2013-12-24,1387843200000000000,66,3,-86.0,903.0
426,2013-12-25,1387929600000000000,67,3,-84.0,902.0
429,2013-12-26,1388016000000000000,67,3,-85.0,902.0
431,2013-12-27,1388102400000000000,68,3,-86.0,900.0
428,2013-12-28,1388188800000000000,68,3,-85.0,901.0
425,2013-12-29,1388275200000000000,69,3,-86.0,901.0
424,2013-12-30,1388361600000000000,69,3,-86.0,901.0
432,2013-12-31,1388448000000000000,69,3,-84.0,899.0
430,2014-01-01,1388534400000000000,70,3,-85.0,897.0
435,2014-01-02,1388620800000000000,70,3,-86.0,898.0
437,2014-01-03,1388707200000000000,71,3,-87.0,898.0
483,2014-01-04,1388793600000000000,71,3,-86.0,897.0
436,2014-01-05,1388880000000000000,72,3,-85.0,895.0
438,2014-01-06,1388966400000000000,72,3,-85.0,895.0
439,2014-01-08,1389139200000000000,73,3,-86.0,894.0
440,2014-01-09,1389225600000000000,73,3,-85.0,894.0
442,2014-01-10,1389312000000000000,73,3,-83.0,893.0
443,2014-01-11,1389398400000000000,74,3,-86.0,895.0
441,2014-01-12,1389484800000000000,74,3,-85.0,892.0
446,2014-01-13,1389571200000000000,75,3,-85.0,892.0
444,2014-01-14,1389657600000000000,75,3,-86.0,890.0
445,2014-01-15,1389744000000000000,76,3,-86.0,889.0
447,2014-01-16,1389830400000000000,76,3,-86.0,888.0
450,2014-01-17,1389916800000000000,77,3,-86.0,888.0
449,2014-01-18,1390003200000000000,77,3,-86.0,888.0
448,2014-01-19,1390089600000000000,77,3,-86.0,885.0
451,2014-01-20,1390176000000000000,78,3,-85.0,885.0
452,2014-01-21,1390262400000000000,78,3,-86.0,884.0
453,2014-01-22,1390348800000000000,79,3,-86.0,884.0
454,2014-01-23,1390435200000000000,79,3,-87.0,882.0
455,2014-01-24,1390521600000000000,80,3,-85.0,881.0
458,2014-01-25,1390608000000000000,80,3,-85.0,881.0
457,2014-01-26,1390694400000000000,81,3,-85.0,880.0
456,2014-01-27,1390780800000000000,81,3,-87.0,878.0
459,2014-01-28,1390867200000000000,82,3,-87.0,878.0
460,2014-01-29,1390953600000000000,82,3,-86.0,877.0
461,2014-01-30,1391040000000000000,82,3,-86.0,876.0
462,2014-01-31,1391126400000000000,83,3,-87.0,875.0
463,2014-02-01,1391212800000000000,83,3,-87.0,873.0
465,2014-02-02,1391299200000000000,84,3,-87.0,872.0
464,2014-02-03,1391385600000000000,84,3,-88.0,872.0
466,2014-02-04,1391472000000000000,85,3,-87.0,871.0
467,2014-02-05,1391558400000000000,85,3,-86.0,869.0
468,2014-02-06,1391644800000000000,86,3,-88.0,868.0
470,2014-02-07,1391731200000000000,86,3,-83.0,867.0
469,2014-02-08,1391817600000000000,86,3,-83.0,865.0
472,2014-02-09,1391904000000000000,87,3,-85.0,865.0
476,2014-02-10,1391990400000000000,87,3,-85.0,864.0
481,2014-02-11,1392076800000000000,88,3,-84.0,862.0
482,2014-02-12,1392163200000000000,88,3,-84.0,861.0
477,2014-02-13,1392249600000000000,89,3,-85.0,859.0
486,2014-02-15,1392422400000000000,89,3,-84.0,858.0
487,2014-02-16,1392508800000000000,90,4,-86.0,857.0
490,2014-02-17,1392595200000000000,90,4,-85.0,856.0
489,2014-02-18,1392681600000000000,91,4,-85.0,855.0
488,2014-02-19,1392768000000000000,91,4,-85.0,853.0
491,2014-02-20,1392854400000000000,91,4,-86.0,852.0
492,2014-02-21,1392940800000000000,92,4,-87.0,851.0
494,2014-02-22,1393027200000000000,92,4,-85.0,850.0
495,2014-02-23,1393113600000000000,93,4,-85.0,848.0
493,2014-02-24,1393200000000000000,93,4,-86.0,847.0
496,2014-02-25,1393286400000000000,94,4,-84.0,845.0
497,2014-02-26,1393372800000000000,94,4,-84.0,843.0
499,2014-02-27,1393459200000000000,95,4,-85.0,843.0
501,2014-02-28,1393545600000000000,95,4,-85.0,842.0
498,2014-03-01,1393632000000000000,96,4,-85.0,840.0
500,2014-03-02,1393718400000000000,96,4,-85.0,839.0
502,2014-03-03,1393804800000000000,96,4,-85.0,838.0
503,2014-03-04,1393891200000000000,97,4,-86.0,836.0
504,2014-03-05,1393977600000000000,97,4,-85.0,835.0
506,2014-03-06,1394064000000000000,98,4,-85.0,834.0
505,2014-03-07,1394150400000000000,98,4,-87.0,833.0
509,2014-03-08,1394236800000000000,99,4,-86.0,831.0
508,2014-03-09,1394323200000000000,99,4,-85.0,830.0
507,2014-03-10,1394409600000000000,100,4,-86.0,829.0
510,2014-03-11,1394496000000000000,100,4,-86.0,827.0
511,2014-03-12,1394582400000000000,101,4,-86.0,825.0
512,2014-03-13,1394668800000000000,101,4,-85.0,825.0
513,2014-03-14,1394755200000000000,102,4,-84.0,823.0
515,2014-03-15,1394841600000000000,102,4,-84.0,821.0
514,2014-03-16,1394928000000000000,102,4,-85.0,820.0
516,2014-03-17,1395014400000000000,103,4,-84.0,819.0
517,2014-03-18,1395100800000000000,103,4,-85.0,817.0
518,2014-03-19,1395187200000000000,104,4,-82.0,816.0
520,2014-03-20,1395273600000000000,104,4,-84.0,815.0
519,2014-03-21,1395360000000000000,105,4,-84.0,813.0
521,2014-03-22,1395446400000000000,105,4,-83.0,812.0
522,2014-03-24,1395619200000000000,106,4,-82.0,811.0
523,2014-03-25,1395705600000000000,106,4,-83.0,810.0
524,2014-03-26,1395792000000000000,107,4,-84.0,808.0
525,2014-03-27,1395878400000000000,107,4,-84.0,807.0
526,2014-03-28,1395964800000000000,108,4,-82.0,806.0
528,2014-03-29,1396051200000000000,108,4,-82.0,804.0
527,2014-03-30,1396137600000000000,109,4,-83.0,802.0
529,2014-03-31,1396224000000000000,109,4,-82.0,802.0
530,2014-04-01,1396310400000000000,109,4,-85.0,801.0
532,2014-04-02,1396396800000000000,110,4,-84.0,799.0
531,2014-04-03,1396483200000000000,110,4,-85.0,798.0
535,2014-04-04,1396569600000000000,111,4,-82.0,797.0
533,2014-04-05,1396656000000000000,111,4,-82.0,795.0
534,2014-04-06,1396742400000000000,112,4,-83.0,795.0
536,2014-04-07,1396828800000000000,112,4,-83.0,795.0
537,2014-04-08,1396915200000000000,113,4,-83.0,793.0
538,2014-04-09,1397001600000000000,113,4,-83.0,792.0
539,2014-04-10,1397088000000000000,114,4,-82.0,791.0
540,2014-04-11,1397174400000000000,114,4,-84.0,790.0
542,2014-04-12,1397260800000000000,115,4,-84.0,787.0
543,2014-04-13,1397347200000000000,115,4,-84.0,788.0
541,2014-04-14,1397433600000000000,116,4,-81.0,787.0
544,2014-04-15,1397520000000000000,116,4,-82.0,785.0
545,2014-04-16,1397606400000000000,117,4,-82.0,784.0
548,2014-04-17,1397692800000000000,117,4,-83.0,783.0
546,2014-04-18,1397779200000000000,118,4,-84.0,782.0
547,2014-04-19,1397865600000000000,118,4,-83.0,781.0
549,2014-04-20,1397952000000000000,118,4,-84.0,780.0
550,2014-04-21,1398038400000000000,119,4,-83.0,779.0
551,2014-04-22,1398124800000000000,119,4,-85.0,777.0
552,2014-04-23,1398211200000000000,120,5,-84.0,777.0
554,2014-04-24,1398297600000000000,120,5,-85.0,776.0
555,2014-04-25,1398384000000000000,121,5,-84.0,775.0
553,2014-04-26,1398470400000000000,121,5,-85.0,774.0
556,2014-04-27,1398556800000000000,122,5,-84.0,773.0
557,2014-04-28,1398643200000000000,122,5,-82.0,772.0
558,2014-04-29,1398729600000000000,123,5,-83.0,771.0
559,2014-05-01,1398902400000000000,123,5,-82.0,769.0
561,2014-05-02,1398988800000000000,124,5,-84.0,769.0
562,2014-05-03,1399075200000000000,124,5,-83.0,769.0
560,2014-05-04,1399161600000000000,125,5,-82.0,766.0
563,2014-05-05,1399248000000000000,125,5,-83.0,765.0
564,2014-05-06,1399334400000000000,126,5,-82.0,765.0
565,2014-05-07,1399420800000000000,126,5,-84.0,763.0
566,2014-05-08,1399507200000000000,127,5,-83.0,763.0
568,2014-05-09,1399593600000000000,127,5,-82.0,762.0
569,2014-05-10,1399680000000000000,128,5,-81.0,761.0
567,2014-05-11,1399766400000000000,128,5,-82.0,760.0
570,2014-05-12,1399852800000000000,129,5,-82.0,759.0
571,2014-05-13,1399939200000000000,129,5,-81.0,759.0
572,2014-05-14,1400025600000000000,130,5,-84.0,759.0
573,2014-05-15,1400112000000000000,130,5,-82.0,757.0
576,2014-05-16,1400198400000000000,131,5,-81.0,756.0
575,2014-05-17,1400284800000000000,131,5,-79.0,755.0
574,2014-05-18,1400371200000000000,132,5,-81.0,754.0
577,2014-05-19,1400457600000000000,132,5,-82.0,753.0
578,2014-05-20,1400544000000000000,133,5,-82.0,754.0
582,2014-05-21,1400630400000000000,133,5,-81.0,752.0
580,2014-05-22,1400716800000000000,134,5,-80.0,752.0
579,2014-05-23,1400803200000000000,134,5,-80.0,751.0
581,2014-05-24,1400889600000000000,135,5,-80.0,750.0
583,2014-05-25,1400976000000000000,135,5,-81.0,750.0
584,2014-05-26,1401062400000000000,136,5,-81.0,749.0
585,2014-05-27,1401148800000000000,136,5,-80.0,749.0
586,2014-05-28,1401235200000000000,137,5,-80.0,748.0
588,2014-05-29,1401321600000000000,137,5,-80.0,748.0
589,2014-05-30,1401408000000000000,138,5,-81.0,746.0
587,2014-05-31,1401494400000000000,138,5,-81.0,746.0
590,2014-06-01,1401580800000000000,139,5,-79.0,746.0
591,2014-06-02,1401667200000000000,139,5,-80.0,746.0
592,2014-06-03,1401753600000000000,140,5,-79.0,745.0
593,2014-06-04,1401840000000000000,140,5,-80.0,743.0
595,2014-06-05,1401926400000000000,141,5,-80.0,743.0
594,2014-06-07,1402099200000000000,141,5,-79.0,745.0
596,2014-06-08,1402185600000000000,142,5,-80.0,744.0
597,2014-06-09,1402272000000000000,142,5,-79.0,742.0
598,2014-06-10,1402358400000000000,143,5,-77.0,741.0
599,2014-06-11,1402444800000000000,143,5,-80.0,740.0
600,2014-06-12,1402531200000000000,144,5,-79.0,739.0
602,2014-06-13,1402617600000000000,144,5,-79.0,739.0
603,2014-06-14,1402704000000000000,145,5,-77.0,738.0
601,2014-06-15,1402790400000000000,145,5,-78.0,735.0
604,2014-06-16,1402876800000000000,146,5,-76.0,735.0
605,2014-06-17,1402963200000000000,146,5,-77.0,735.0
609,2014-06-18,1403049600000000000,147,5,-77.0,734.0
607,2014-06-19,1403136000000000000,147,5,-78.0,732.0
610,2014-06-20,1403222400000000000,148,5,-78.0,735.0
608,2014-06-21,1403308800000000000,148,5,-77.0,736.0
606,2014-06-22,1403395200000000000,149,5,-76.0,736.0
611,2014-06-23,1403481600000000000,150,6,-75.0,734.0
613,2014-06-24,1403568000000000000,150,6,-84.0,735.0
612,2014-06-25,1403654400000000000,151,6,-79.0,737.0
614,2014-06-26,1403740800000000000,151,6,-79.0,740.0
615,2014-06-27,1403827200000000000,152,6,-78.0,739.0
616,2014-06-28,1403913600000000000,152,6,-78.0,738.0
617,2014-06-29,1404000000000000000,153,6,-80.0,739.0
618,2014-06-30,1404086400000000000,153,6,-80.0,740.0
619,2014-07-01,1404172800000000000,154,6,-80.0,738.0
622,2014-07-02,1404259200000000000,154,6,-78.0,737.0
621,2014-07-03,1404345600000000000,155,6,-77.0,739.0
624,2014-07-04,1404432000000000000,155,6,-77.0,738.0
620,2014-07-05,1404518400000000000,156,6,-76.0,740.0
623,2014-07-06,1404604800000000000,156,6,-79.0,738.0
625,2014-07-07,1404691200000000000,157,6,-77.0,739.0
626,2014-07-08,1404777600000000000,158,6,-79.0,741.0
627,2014-07-09,1404864000000000000,158,6,-75.0,741.0
628,2014-07-10,1404950400000000000,159,6,-77.0,740.0
629,2014-07-11,1405036800000000000,159,6,-76.0,738.0
630,2014-07-12,1405123200000000000,160,6,-77.0,739.0
631,2014-07-14,1405296000000000000,160,6,-77.0,741.0
632,2014-07-15,1405382400000000000,161,6,-76.0,742.0
633,2014-07-16,1405468800000000000,161,6,-77.0,741.0
634,2014-07-17,1405555200000000000,162,6,-76.0,741.0
637,2014-07-18,1405641600000000000,162,6,-76.0,742.0
636,2014-07-19,1405728000000000000,163,6,-76.0,741.0
635,2014-07-20,1405814400000000000,164,6,-75.0,740.0
638,2014-07-21,1405900800000000000,164,6,-76.0,741.0
639,2014-07-22,1405987200000000000,165,6,-75.0,743.0
640,2014-07-23,1406073600000000000,165,6,-74.0,743.0
641,2014-07-24,1406160000000000000,166,6,-77.0,743.0
642,2014-07-25,1406246400000000000,166,6,-76.0,744.0
643,2014-07-26,1406332800000000000,167,6,-75.0,745.0
644,2014-07-27,1406419200000000000,167,6,-77.0,745.0
645,2014-07-28,1406505600000000000,168,6,-76.0,745.0
646,2014-07-29,1406592000000000000,169,6,-75.0,747.0
647,2014-07-30,1406678400000000000,169,6,-75.0,747.0
648,2014-07-31,1406764800000000000,170,6,-76.0,746.0
650,2014-08-01,1406851200000000000,170,6,-76.0,748.0
651,2014-08-02,1406937600000000000,171,6,-76.0,749.0
649,2014-08-03,1407024000000000000,171,6,-76.0,749.0
652,2014-08-04,1407110400000000000,172,6,-73.0,750.0
653,2014-08-05,1407196800000000000,172,6,-77.0,751.0
654,2014-08-06,1407283200000000000,173,6,-75.0,751.0
658,2014-08-07,1407369600000000000,174,6,-77.0,752.0
656,2014-08-08,1407456000000000000,174,6,-76.0,754.0
655,2014-08-09,1407542400000000000,175,6,-76.0,754.0
657,2014-08-10,1407628800000000000,175,6,-73.0,755.0
659,2014-08-11,1407715200000000000,176,6,-75.0,755.0
661,2014-08-12,1407801600000000000,176,6,-76.0,756.0
660,2014-08-13,1407888000000000000,177,6,-77.0,757.0
662,2014-08-14,1407974400000000000,178,6,-77.0,758.0
663,2014-08-15,1408060800000000000,178,6,-74.0,760.0
664,2014-08-16,1408147200000000000,179,6,-73.0,761.0
665,2014-08-17,1408233600000000000,179,6,-74.0,760.0
666,2014-08-18,1408320000000000000,180,7,-73.0,761.0
667,2014-08-19,1408406400000000000,181,7,-74.0,763.0
669,2014-08-21,1408579200000000000,181,7,-73.0,764.0
668,2014-08-22,1408665600000000000,182,7,-75.0,766.0
671,2014-08-23,1408752000000000000,182,7,-76.0,766.0
670,2014-08-24,1408838400000000000,183,7,-74.0,766.0
672,2014-08-25,1408924800000000000,183,7,-75.0,768.0
676,2014-08-26,1409011200000000000,184,7,-76.0,770.0
673,2014-08-27,1409097600000000000,185,7,-75.0,771.0
677,2014-08-28,1409184000000000000,185,7,-75.0,773.0
674,2014-08-29,1409270400000000000,186,7,-74.0,773.0
675,2014-08-30,1409356800000000000,186,7,-73.0,776.0
678,2014-08-31,1409443200000000000,187,7,-73.0,776.0
679,2014-09-01,1409529600000000000,188,7,-76.0,776.0
680,2014-09-02,1409616000000000000,188,7,-74.0,777.0
681,2014-09-03,1409702400000000000,189,7,-75.0,778.0
682,2014-09-04,1409788800000000000,189,7,-77.0,779.0
685,2014-09-05,1409875200000000000,190,7,-76.0,782.0
683,2014-09-06,1409961600000000000,191,7,-70.0,784.0
684,2014-09-07,1410048000000000000,191,7,-72.0,784.0
686,2014-09-08,1410134400000000000,192,7,-72.0,786.0
687,2014-09-09,1410220800000000000,192,7,-75.0,786.0
689,2014-09-10,1410307200000000000,193,7,-74.0,787.0
688,2014-09-11,1410393600000000000,194,7,-76.0,788.0
691,2014-09-12,1410480000000000000,194,7,-73.0,789.0
690,2014-09-13,1410566400000000000,195,7,-71.0,791.0
692,2014-09-14,1410652800000000000,195,7,-73.0,794.0
693,2014-09-15,1410739200000000000,196,7,-72.0,796.0
695,2014-09-16,1410825600000000000,197,7,-72.0,797.0
694,2014-09-17,1410912000000000000,197,7,-71.0,798.0
698,2014-09-18,1410998400000000000,198,7,-73.0,800.0
696,2014-09-19,1411084800000000000,198,7,-73.0,802.0
697,2014-09-20,1411171200000000000,199,7,-74.0,806.0
699,2014-09-21,1411257600000000000,200,7,-73.0,806.0
700,2014-09-22,1411344000000000000,200,7,-73.0,807.0
701,2014-09-23,1411430400000000000,201,7,-71.0,810.0
702,2014-09-24,1411516800000000000,201,7,-77.0,809.0
704,2014-09-25,1411603200000000000,202,7,-70.0,810.0
705,2014-09-27,1411776000000000000,203,7,-72.0,814.0
703,2014-09-28,1411862400000000000,203,7,-75.0,814.0
706,2014-09-29,1411948800000000000,204,7,-78.0,817.0
707,2014-09-30,1412035200000000000,205,7,-73.0,821.0
708,2014-10-01,1412121600000000000,205,7,-73.0,820.0
709,2014-10-02,1412208000000000000,206,7,-70.0,824.0
710,2014-10-03,1412294400000000000,206,7,-71.0,824.0
712,2014-10-04,1412380800000000000,207,7,-73.0,826.0
711,2014-10-05,1412467200000000000,208,7,-73.0,829.0
713,2014-10-06,1412553600000000000,208,7,-70.0,829.0
714,2014-10-07,1412640000000000000,209,7,-71.0,836.0
715,2014-10-08,1412726400000000000,210,8,-71.0,835.0
716,2014-10-09,1412812800000000000,210,8,-70.0,838.0
719,2014-10-10,1412899200000000000,211,8,-73.0,838.0
717,2014-10-11,1412985600000000000,211,8,-71.0,838.0
718,2014-10-12,1413072000000000000,212,8,-72.0,841.0
720,2014-10-13,1413158400000000000,213,8,-72.0,841.0
721,2014-10-14,1413244800000000000,213,8,-70.0,846.0
722,2014-10-15,1413331200000000000,214,8,-71.0,845.0
723,2014-10-16,1413417600000000000,215,8,-72.0,852.0
725,2014-10-17,1413504000000000000,215,8,-74.0,849.0
724,2014-10-18,1413590400000000000,216,8,-71.0,854.0
727,2014-10-19,1413676800000000000,216,8,-69.0,853.0
726,2014-10-20,1413763200000000000,217,8,-69.0,857.0
728,2014-10-21,1413849600000000000,218,8,-74.0,858.0
729,2014-10-22,1413936000000000000,218,8,-74.0,861.0
732,2014-10-23,1414022400000000000,219,8,-73.0,860.0
731,2014-10-24,1414108800000000000,220,8,-68.0,862.0
730,2014-10-25,1414195200000000000,220,8,-68.0,862.0
733,2014-10-26,1414281600000000000,221,8,-68.0,864.0
734,2014-10-27,1414368000000000000,222,8,-70.0,867.0
735,2014-10-28,1414454400000000000,222,8,-71.0,873.0
736,2014-10-29,1414540800000000000,223,8,-71.0,877.0
739,2014-10-30,1414627200000000000,223,8,-68.0,874.0
738,2014-10-31,1414713600000000000,224,8,-68.0,875.0
737,2014-11-01,1414800000000000000,225,8,-65.0,877.0
740,2014-11-03,1414972800000000000,225,8,-65.0,879.0
741,2014-11-04,1415059200000000000,226,8,-67.0,883.0
743,2014-11-05,1415145600000000000,227,8,-70.0,884.0
742,2014-11-06,1415232000000000000,227,8,-67.0,884.0
746,2014-11-07,1415318400000000000,228,8,-70.0,884.0
745,2014-11-08,1415404800000000000,229,8,-69.0,887.0
744,2014-11-09,1415491200000000000,229,8,-69.0,888.0
747,2014-11-10,1415577600000000000,230,8,-73.0,891.0
748,2014-11-11,1415664000000000000,231,8,-70.0,893.0
750,2014-11-12,1415750400000000000,231,8,-69.0,893.0
749,2014-11-13,1415836800000000000,232,8,-71.0,892.0
752,2014-11-14,1415923200000000000,232,8,-67.0,893.0
753,2014-11-15,1416009600000000000,233,8,-70.0,895.0
751,2014-11-16,1416096000000000000,234,8,-69.0,897.0
754,2014-11-17,1416182400000000000,234,8,-71.0,900.0
755,2014-11-18,1416268800000000000,235,8,-75.0,902.0
756,2014-11-19,1416355200000000000,236,8,-67.0,904.0
757,2014-11-20,1416441600000000000,236,8,-68.0,902.0
759,2014-11-21,1416528000000000000,237,8,-69.0,905.0
758,2014-11-22,1416614400000000000,238,8,-74.0,909.0
761,2014-11-23,1416700800000000000,238,8,-69.0,913.0
760,2014-11-24,1416787200000000000,239,8,-68.0,914.0
763,2014-11-25,1416873600000000000,240,9,-71.0,913.0
765,2014-11-26,1416960000000000000,240,9,-68.0,910.0
762,2014-11-27,1417046400000000000,241,9,-68.0,910.0
764,2014-11-28,1417132800000000000,242,9,-71.0,911.0
766,2014-11-29,1417219200000000000,242,9,-69.0,912.0
768,2014-11-30,1417305600000000000,243,9,-67.0,914.0
767,2014-12-01,1417392000000000000,243,9,-67.0,914.0
770,2014-12-02,1417478400000000000,244,9,-68.0,914.0
769,2014-12-03,1417564800000000000,245,9,-68.0,911.0
771,2014-12-04,1417651200000000000,245,9,-71.0,914.0
773,2014-12-05,1417737600000000000,246,9,-71.0,914.0
772,2014-12-06,1417824000000000000,247,9,-68.0,918.0
774,2014-12-07,1417910400000000000,247,9,-68.0,920.0
775,2014-12-08,1417996800000000000,248,9,-68.0,924.0
776,2014-12-09,1418083200000000000,249,9,-69.0,923.0
777,2014-12-11,1418256000000000000,249,9,-68.0,918.0
780,2014-12-12,1418342400000000000,250,9,-69.0,917.0
778,2014-12-13,1418428800000000000,251,9,-69.0,916.0
779,2014-12-14,1418515200000000000,251,9,-69.0,916.0
782,2014-12-15,1418601600000000000,252,9,-69.0,917.0
781,2014-12-16,1418688000000000000,253,9,-70.0,917.0
783,2014-12-17,1418774400000000000,253,9,-74.0,913.0
784,2014-12-18,1418860800000000000,254,9,-75.0,914.0
790,2014-12-19,1418947200000000000,255,9,-69.0,914.0
793,2014-12-20,1419033600000000000,255,9,-69.0,916.0
788,2014-12-21,1419120000000000000,256,9,-68.0,917.0
786,2014-12-22,1419206400000000000,257,9,-73.0,920.0
785,2014-12-23,1419292800000000000,257,9,-74.0,925.0
791,2014-12-24,1419379200000000000,258,9,-69.0,918.0
792,2014-12-25,1419465600000000000,258,9,-69.0,918.0
787,2014-12-26,1419552000000000000,259,9,-69.0,918.0
789,2014-12-27,1419638400000000000,260,9,-68.0,918.0
794,2014-12-28,1419724800000000000,260,9,-68.0,919.0
797,2014-12-29,1419811200000000000,261,9,-73.0,916.0
796,2014-12-30,1419897600000000000,262,9,-67.0,913.0
798,2014-12-31,1419984000000000000,262,9,-66.0,910.0
799,2015-01-01,1420070400000000000,263,9,-69.0,912.0
795,2015-01-02,1420156800000000000,264,9,-68.0,912.0
801,2015-01-03,1420243200000000000,264,9,-76.0,911.0
800,2015-01-04,1420329600000000000,265,9,-73.0,913.0
802,2015-01-05,1420416000000000000,266,9,-72.0,915.0
803,2015-01-06,1420502400000000000,266,9,-69.0,916.0
804,2015-01-07,1420588800000000000,267,9,-70.0,917.0
807,2015-01-08,1420675200000000000,268,9,-70.0,917.0
805,2015-01-09,1420761600000000000,268,9,-72.0,916.0
806,2015-01-10,1420848000000000000,269,9,-70.0,914.0
808,2015-01-11,1420934400000000000,270,10,-70.0,913.0
809,2015-01-12,1421020800000000000,270,10,-71.0,911.0
810,2015-01-13,1421107200000000000,271,10,-71.0,910.0
811,2015-01-14,1421193600000000000,271,10,-71.0,908.0
812,2015-01-15,1421280000000000000,272,10,-72.0,906.0
813,2015-01-17,1421452800000000000,273,10,-74.0,909.0
814,2015-01-18,1421539200000000000,273,10,-70.0,903.0
815,2015-01-19,1421625600000000000,274,10,-72.0,902.0
817,2015-01-28,1422403200000000000,280,10,-73.0,899.0
818,2015-01-29,1422489600000000000,280,10,-76.0,901.0
820,2015-01-30,1422576000000000000,281,10,-74.0,897.0
821,2015-01-31,1422662400000000000,282,10,-71.0,897.0
819,2015-02-01,1422748800000000000,282,10,-71.0,895.0
823,2015-02-02,1422835200000000000,283,10,-73.0,894.0
822,2015-02-03,1422921600000000000,284,10,-73.0,897.0
824,2015-02-04,1423008000000000000,284,10,-70.0,896.0
825,2015-02-05,1423094400000000000,285,10,-70.0,895.0
826,2015-02-06,1423180800000000000,286,10,-72.0,892.0
827,2015-02-07,1423267200000000000,286,10,-72.0,892.0
828,2015-02-08,1423353600000000000,287,10,-71.0,892.0
829,2015-02-09,1423440000000000000,287,10,-72.0,890.0
830,2015-02-10,1423526400000000000,288,10,-75.0,891.0
831,2015-02-11,1423612800000000000,289,10,-72.0,889.0
833,2015-02-12,1423699200000000000,289,10,-70.0,888.0
832,2015-02-13,1423785600000000000,290,10,-72.0,884.0
834,2015-02-14,1423872000000000000,291,10,-72.0,883.0
835,2015-02-15,1423958400000000000,291,10,-75.0,881.0
836,2015-02-16,1424044800000000000,292,10,-70.0,883.0
837,2015-02-17,1424131200000000000,292,10,-71.0,885.0
838,2015-02-18,1424217600000000000,293,10,-68.0,883.0
839,2015-02-19,1424304000000000000,294,10,-71.0,882.0
841,2015-02-20,1424390400000000000,294,10,-71.0,878.0
840,2015-02-21,1424476800000000000,295,10,-71.0,880.0
843,2015-02-22,1424563200000000000,296,10,-76.0,878.0
842,2015-02-24,1424736000000000000,296,10,-75.0,879.0
844,2015-02-25,1424822400000000000,297,10,-71.0,883.0
845,2015-02-26,1424908800000000000,297,10,-70.0,878.0
847,2015-02-27,1424995200000000000,298,10,-73.0,878.0
846,2015-02-28,1425081600000000000,299,10,-70.0,874.0
849,2015-03-01,1425168000000000000,299,10,-75.0,875.0
848,2015-03-02,1425254400000000000,300,11,-71.0,871.0
850,2015-03-03,1425340800000000000,300,11,-71.0,874.0
851,2015-03-04,1425427200000000000,301,11,-71.0,878.0
852,2015-03-05,1425513600000000000,302,11,-71.0,872.0
854,2015-03-06,1425600000000000000,302,11,-76.0,871.0
853,2015-03-07,1425686400000000000,303,11,-71.0,867.0
855,2015-03-08,1425772800000000000,304,11,-74.0,870.0
856,2015-03-09,1425859200000000000,304,11,-72.0,868.0
857,2015-03-10,1425945600000000000,305,11,-70.0,867.0
858,2015-03-11,1426032000000000000,305,11,-73.0,870.0
859,2015-03-12,1426118400000000000,306,11,-72.0,867.0
861,2015-03-13,1426204800000000000,307,11,-74.0,867.0
860,2015-03-14,1426291200000000000,307,11,-71.0,862.0
862,2015-03-15,1426377600000000000,308,11,-76.0,864.0
863,2015-03-16,1426464000000000000,308,11,-76.0,862.0
864,2015-03-17,1426550400000000000,309,11,-72.0,862.0
865,2015-03-18,1426636800000000000,310,11,-75.0,866.0
868,2015-03-19,1426723200000000000,310,11,-75.0,865.0
867,2015-03-20,1426809600000000000,311,11,-69.0,864.0
866,2015-03-21,1426896000000000000,311,11,-71.0,859.0
869,2015-03-22,1426982400000000000,312,11,-71.0,863.0
870,2015-03-23,1427068800000000000,313,11,-73.0,858.0
872,2015-03-24,1427155200000000000,313,11,-75.0,862.0
871,2015-03-25,1427241600000000000,314,11,-72.0,865.0
874,2015-03-26,1427328000000000000,314,11,-73.0,863.0
876,2015-03-29,1427587200000000000,316,11,-73.0,861.0
875,2015-03-30,1427673600000000000,317,11,-74.0,857.0
880,2015-03-31,1427760000000000000,317,11,-74.0,857.0
877,2015-04-02,1427932800000000000,318,11,-73.0,854.0
878,2015-04-03,1428019200000000000,318,11,-70.0,852.0
881,2015-04-04,1428105600000000000,319,11,-72.0,851.0
879,2015-04-05,1428192000000000000,320,11,-77.0,850.0
882,2015-04-06,1428278400000000000,320,11,-70.0,853.0
883,2015-04-07,1428364800000000000,321,11,-73.0,854.0
884,2015-04-08,1428451200000000000,321,11,-72.0,851.0
885,2015-04-09,1428537600000000000,322,11,-73.0,850.0
888,2015-04-10,1428624000000000000,323,11,-75.0,849.0
886,2015-04-11,1428710400000000000,323,11,-69.0,847.0
887,2015-04-12,1428796800000000000,324,11,-71.0,847.0
889,2015-04-13,1428883200000000000,324,11,-73.0,847.0
892,2015-04-17,1429228800000000000,327,11,-74.0,848.0
891,2015-04-18,1429315200000000000,327,11,-78.0,846.0
893,2015-04-19,1429401600000000000,328,11,-76.0,846.0
895,2015-04-20,1429488000000000000,328,11,-71.0,849.0
894,2015-04-21,1429574400000000000,329,11,-73.0,845.0
896,2015-04-22,1429660800000000000,329,11,-71.0,850.0
897,2015-04-23,1429747200000000000,330,12,-72.0,847.0
898,2015-04-24,1429833600000000000,331,12,-75.0,847.0
900,2015-04-25,1429920000000000000,331,12,-73.0,850.0
899,2015-04-26,1430006400000000000,332,12,-74.0,844.0
901,2015-04-27,1430092800000000000,332,12,-71.0,848.0
902,2015-04-28,1430179200000000000,333,12,-72.0,844.0
903,2015-04-29,1430265600000000000,333,12,-71.0,849.0
906,2015-04-30,1430352000000000000,334,12,-71.0,848.0
904,2015-05-01,1430438400000000000,334,12,-73.0,847.0
905,2015-05-02,1430524800000000000,335,12,-72.0,844.0
907,2015-05-03,1430611200000000000,336,12,-73.0,842.0
908,2015-05-04,1430697600000000000,336,12,-73.0,843.0
909,2015-05-05,1430784000000000000,337,12,-75.0,842.0
910,2015-05-06,1430870400000000000,337,12,-75.0,841.0
913,2015-05-07,1430956800000000000,338,12,-73.0,842.0
912,2015-05-09,1431129600000000000,338,12,-79.0,841.0
911,2015-05-10,1431216000000000000,339,12,-73.0,840.0
914,2015-05-11,1431302400000000000,339,12,-73.0,841.0
917,2015-05-12,1431388800000000000,340,12,-74.0,840.0
916,2015-05-13,1431475200000000000,340,12,-76.0,840.0
915,2015-05-14,1431561600000000000,341,12,-74.0,840.0
918,2015-05-15,1431648000000000000,342,12,-78.0,840.0
919,2015-05-16,1431734400000000000,342,12,-74.0,840.0
920,2015-05-17,1431820800000000000,343,12,-74.0,839.0
922,2015-05-18,1431907200000000000,343,12,-75.0,840.0
921,2015-05-19,1431993600000000000,344,12,-74.0,841.0
923,2015-05-20,1432080000000000000,344,12,-76.0,839.0
926,2015-05-21,1432166400000000000,345,12,-73.0,840.0
924,2015-05-22,1432252800000000000,345,12,-73.0,842.0
927,2015-05-23,1432339200000000000,346,12,-73.0,840.0
925,2015-05-24,1432425600000000000,346,12,-79.0,842.0
929,2015-05-25,1432512000000000000,347,12,-74.0,842.0
928,2015-05-26,1432598400000000000,348,12,-72.0,842.0
930,2015-05-27,1432684800000000000,348,12,-74.0,843.0
931,2015-05-28,1432771200000000000,349,12,-73.0,842.0
932,2015-05-30,1432944000000000000,350,12,-74.0,841.0
933,2015-05-31,1433030400000000000,350,12,-79.0,843.0
936,2015-06-01,1433116800000000000,351,12,-77.0,844.0
934,2015-06-02,1433203200000000000,351,12,-74.0,843.0
935,2015-06-03,1433289600000000000,352,12,-74.0,842.0
939,2015-06-04,1433376000000000000,352,12,-75.0,843.0
941,2015-06-05,1433462400000000000,353,12,-78.0,844.0
937,2015-06-06,1433548800000000000,353,12,-79.0,845.0
940,2015-06-07,1433635200000000000,354,12,-79.0,844.0
946,2015-06-08,1433721600000000000,354,12,-75.0,845.0
947,2015-06-09,1433808000000000000,355,12,-74.0,846.0
948,2015-06-10,1433894400000000000,355,12,-78.0,845.0
949,2015-06-11,1433980800000000000,356,12,-81.0,846.0
953,2015-06-12,1434067200000000000,356,12,-80.0,846.0
950,2015-06-13,1434153600000000000,357,12,-77.0,846.0
951,2015-06-14,1434240000000000000,357,12,-75.0,847.0
952,2015-06-16,1434412800000000000,358,12,-76.0,847.0
955,2015-06-17,1434499200000000000,359,12,-78.0,850.0
956,2015-06-18,1434585600000000000,359,12,-79.0,850.0
954,2015-06-19,1434672000000000000,0,1,-81.0,849.0
938,2015-06-20,1434758400000000000,0,1,-63.0,832.0
942,2015-06-21,1434844800000000000,1,1,-76.0,850.0
944,2015-06-22,1434931200000000000,1,1,-75.0,852.0
943,2015-06-23,1435017600000000000,2,1,-76.0,851.0
945,2015-06-24,1435104000000000000,2,1,-76.0,851.0
958,2015-06-25,1435190400000000000,3,1,-74.0,851.0
957,2015-06-26,1435276800000000000,3,1,-78.0,851.0
960,2015-06-28,1435449600000000000,4,1,-75.0,853.0
959,2015-06-29,1435536000000000000,5,1,-75.0,856.0
961,2015-06-30,1435622400000000000,5,1,-77.0,855.0
963,2015-07-01,1435708800000000000,6,1,-76.0,854.0
962,2015-07-02,1435795200000000000,6,1,-74.0,854.0
965,2015-07-03,1435881600000000000,7,1,-77.0,856.0
964,2015-07-04,1435968000000000000,7,1,-76.0,859.0
966,2015-07-05,1436054400000000000,8,1,-77.0,857.0
967,2015-07-06,1436140800000000000,8,1,-76.0,856.0
968,2015-07-07,1436227200000000000,9,1,-80.0,856.0
969,2015-07-08,1436313600000000000,9,1,-76.0,858.0
970,2015-07-09,1436400000000000000,10,1,-77.0,857.0
972,2015-07-10,1436486400000000000,10,1,-77.0,858.0
971,2015-07-11,1436572800000000000,11,1,-77.0,859.0
973,2015-07-12,1436659200000000000,11,1,-76.0,859.0
974,2015-07-13,1436745600000000000,12,1,-77.0,860.0
975,2015-07-14,1436832000000000000,12,1,-79.0,860.0
978,2015-07-15,1436918400000000000,13,1,-80.0,861.0
979,2015-07-16,1437004800000000000,13,1,-77.0,862.0
977,2015-07-17,1437091200000000000,14,1,-77.0,863.0
976,2015-07-18,1437177600000000000,14,1,-78.0,864.0
980,2015-07-19,1437264000000000000,15,1,-75.0,864.0
981,2015-07-20,1437350400000000000,15,1,-76.0,863.0
983,2015-07-21,1437436800000000000,16,1,-76.0,864.0
982,2015-07-23,1437609600000000000,16,1,-78.0,865.0
984,2015-07-24,1437696000000000000,17,1,-79.0,865.0
985,2015-07-25,1437782400000000000,17,1,-77.0,867.0
987,2015-07-26,1437868800000000000,17,1,-77.0,868.0
986,2015-07-27,1437955200000000000,18,1,-76.0,868.0
988,2015-07-28,1438041600000000000,18,1,-78.0,867.0
989,2015-07-29,1438128000000000000,19,1,-78.0,868.0
990,2015-07-30,1438214400000000000,19,1,-78.0,870.0
992,2015-07-31,1438300800000000000,20,1,-78.0,870.0
993,2015-08-01,1438387200000000000,20,1,-77.0,871.0
991,2015-08-02,1438473600000000000,21,1,-77.0,871.0
994,2015-08-03,1438560000000000000,21,1,-79.0,871.0
996,2015-08-04,1438646400000000000,22,1,-77.0,871.0
995,2015-08-05,1438732800000000000,22,1,-78.0,873.0
997,2015-08-06,1438819200000000000,23,1,-78.0,875.0
998,2015-08-07,1438905600000000000,23,1,-79.0,875.0
1000,2015-08-08,1438992000000000000,24,1,-76.0,874.0
999,2015-08-09,1439078400000000000,24,1,-77.0,876.0
1001,2015-08-10,1439164800000000000,25,1,-80.0,877.0
1002,2015-08-11,1439251200000000000,25,1,-78.0,878.0
1003,2015-08-12,1439337600000000000,26,1,-78.0,879.0
1004,2015-08-13,1439424000000000000,26,1,-82.0,879.0
1005,2015-08-14,1439510400000000000,27,1,-77.0,878.0
1006,2015-08-15,1439596800000000000,27,1,-77.0,879.0
1007,2015-08-16,1439683200000000000,28,1,-81.0,880.0
1008,2015-08-17,1439769600000000000,28,1,-79.0,880.0
1009,2015-08-18,1439856000000000000,29,1,-80.0,881.0
1010,2015-08-19,1439942400000000000,29,1,-80.0,882.0
1013,2015-08-20,1440028800000000000,29,1,-77.0,882.0
1011,2015-08-21,1440115200000000000,30,2,-77.0,882.0
1012,2015-08-22,1440201600000000000,30,2,-79.0,882.0
1014,2015-08-23,1440288000000000000,31,2,-80.0,883.0
1015,2015-08-24,1440374400000000000,31,2,-78.0,885.0
1017,2015-08-25,1440460800000000000,32,2,-79.0,886.0
1016,2015-08-26,1440547200000000000,32,2,-77.0,885.0
1019,2015-08-27,1440633600000000000,33,2,-78.0,885.0
1020,2015-08-29,1440806400000000000,33,2,-77.0,885.0
1018,2015-08-30,1440892800000000000,34,2,-76.0,885.0
1021,2015-08-31,1440979200000000000,34,2,-78.0,886.0
1022,2015-09-01,1441065600000000000,35,2,-77.0,886.0
1023,2015-09-02,1441152000000000000,35,2,-79.0,886.0
1024,2015-09-03,1441238400000000000,36,2,-77.0,887.0
1026,2015-09-04,1441324800000000000,36,2,-80.0,888.0
1027,2015-09-05,1441411200000000000,36,2,-79.0,888.0
1025,2015-09-06,1441497600000000000,37,2,-79.0,888.0
1028,2015-09-07,1441584000000000000,37,2,-78.0,889.0
1029,2015-09-08,1441670400000000000,38,2,-77.0,890.0
1030,2015-09-09,1441756800000000000,38,2,-78.0,891.0
1031,2015-09-10,1441843200000000000,39,2,-79.0,890.0
1034,2015-09-11,1441929600000000000,39,2,-80.0,891.0
1032,2015-09-12,1442016000000000000,40,2,-84.0,892.0
1033,2015-09-13,1442102400000000000,40,2,-81.0,893.0
1035,2015-09-14,1442188800000000000,41,2,-79.0,893.0
1036,2015-09-15,1442275200000000000,41,2,-78.0,892.0
1037,2015-09-16,1442361600000000000,42,2,-82.0,893.0
1040,2015-09-17,1442448000000000000,42,2,-79.0,893.0
1038,2015-09-18,1442534400000000000,42,2,-78.0,895.0
1039,2015-09-19,1442620800000000000,43,2,-82.0,895.0
1041,2015-09-20,1442707200000000000,43,2,-81.0,895.0
1042,2015-09-21,1442793600000000000,44,2,-79.0,896.0
1043,2015-09-22,1442880000000000000,44,2,-80.0,895.0
1044,2015-09-23,1442966400000000000,45,2,-79.0,895.0
1045,2015-09-24,1443052800000000000,45,2,-79.0,896.0
1047,2015-09-25,1443139200000000000,46,2,-80.0,897.0
1046,2015-09-26,1443225600000000000,46,2,-79.0,898.0
1048,2015-09-27,1443312000000000000,47,2,-79.0,898.0
1049,2015-09-28,1443398400000000000,47,2,-80.0,898.0
1050,2015-09-29,1443484800000000000,48,2,-81.0,899.0
1051,2015-09-30,1443571200000000000,48,2,-80.0,900.0
1052,2015-10-01,1443657600000000000,48,2,-81.0,901.0
1053,2015-10-02,1443744000000000000,49,2,-79.0,901.0
1054,2015-10-03,1443830400000000000,49,2,-79.0,900.0
1055,2015-10-04,1443916800000000000,50,2,-80.0,900.0
1056,2015-10-06,1444089600000000000,50,2,-79.0,900.0
1057,2015-10-07,1444176000000000000,51,2,-79.0,901.0
1058,2015-10-08,1444262400000000000,51,2,-80.0,901.0
1059,2015-10-09,1444348800000000000,52,2,-79.0,902.0
1060,2015-10-10,1444435200000000000,52,2,-80.0,902.0
1061,2015-10-11,1444521600000000000,53,2,-81.0,902.0
1062,2015-10-12,1444608000000000000,53,2,-81.0,902.0
1063,2015-10-13,1444694400000000000,53,2,-82.0,902.0
1064,2015-10-14,1444780800000000000,54,2,-82.0,902.0
1065,2015-10-15,1444867200000000000,54,2,-80.0,902.0
1069,2015-10-16,1444953600000000000,55,2,-81.0,901.0
1066,2015-10-17,1445040000000000000,55,2,-82.0,901.0
1068,2015-10-18,1445126400000000000,56,2,-81.0,901.0
1067,2015-10-19,1445212800000000000,56,2,-82.0,901.0
1070,2015-10-20,1445299200000000000,57,2,-80.0,901.0
1071,2015-10-21,1445385600000000000,57,2,-81.0,901.0
1072,2015-10-22,1445472000000000000,57,2,-82.0,902.0
1073,2015-10-23,1445558400000000000,58,2,-82.0,902.0
1074,2015-10-24,1445644800000000000,58,2,-82.0,901.0
1075,2015-10-25,1445731200000000000,59,2,-82.0,902.0
1076,2015-10-26,1445817600000000000,59,2,-82.0,903.0
1077,2015-10-27,1445904000000000000,60,3,-82.0,902.0
1078,2015-10-28,1445990400000000000,60,3,-80.0,901.0
1080,2015-10-29,1446076800000000000,61,3,-80.0,901.0
1079,2015-10-30,1446163200000000000,61,3,-81.0,902.0
1081,2015-10-31,1446249600000000000,62,3,-82.0,902.0
1082,2015-11-01,1446336000000000000,62,3,-82.0,901.0
1086,2015-11-02,1446422400000000000,62,3,-80.0,901.0
1083,2015-11-03,1446508800000000000,63,3,-82.0,900.0
1088,2015-11-04,1446595200000000000,63,3,-84.0,900.0
1084,2015-11-05,1446681600000000000,64,3,-84.0,900.0
1085,2015-11-06,1446768000000000000,64,3,-84.0,900.0
1087,2015-11-07,1446854400000000000,65,3,-82.0,900.0
1089,2015-11-08,1446940800000000000,65,3,-82.0,898.0
1090,2015-11-09,1447027200000000000,66,3,-82.0,898.0
1091,2015-11-10,1447113600000000000,66,3,-80.0,899.0
1092,2015-11-12,1447286400000000000,66,3,-83.0,898.0
1093,2015-11-13,1447372800000000000,67,3,-84.0,897.0
1094,2015-11-14,1447459200000000000,67,3,-86.0,896.0
1095,2015-11-15,1447545600000000000,68,3,-86.0,896.0
1096,2015-11-16,1447632000000000000,68,3,-84.0,897.0
1097,2015-11-17,1447718400000000000,69,3,-84.0,895.0
1098,2015-11-18,1447804800000000000,69,3,-84.0,894.0
1102,2015-11-19,1447891200000000000,70,3,-84.0,894.0
1100,2015-11-20,1447977600000000000,70,3,-89.0,894.0
1101,2015-11-21,1448064000000000000,71,3,-85.0,893.0
1099,2015-11-22,1448150400000000000,71,3,-87.0,892.0
1104,2015-11-23,1448236800000000000,71,3,-87.0,892.0
1103,2015-11-24,1448323200000000000,72,3,-87.0,892.0
1105,2015-11-25,1448409600000000000,72,3,-85.0,891.0
1106,2015-11-26,1448496000000000000,73,3,-85.0,890.0
1107,2015-11-27,1448582400000000000,73,3,-84.0,890.0
1108,2015-11-28,1448668800000000000,74,3,-84.0,888.0
1109,2015-11-29,1448755200000000000,74,3,-86.0,888.0
1110,2015-11-30,1448841600000000000,75,3,-85.0,887.0
1111,2015-12-01,1448928000000000000,75,3,-86.0,886.0
1112,2015-12-02,1449014400000000000,75,3,-86.0,885.0
1114,2015-12-03,1449100800000000000,76,3,-85.0,884.0
1113,2015-12-04,1449187200000000000,76,3,-86.0,883.0
1115,2015-12-05,1449273600000000000,77,3,-85.0,882.0
1116,2015-12-06,1449360000000000000,77,3,-84.0,881.0
1117,2015-12-07,1449446400000000000,78,3,-86.0,881.0
1118,2015-12-08,1449532800000000000,78,3,-84.0,881.0
1119,2015-12-09,1449619200000000000,79,3,-90.0,881.0
1120,2015-12-10,1449705600000000000,79,3,-87.0,879.0
1121,2015-12-11,1449792000000000000,79,3,-87.0,877.0
1122,2015-12-12,1449878400000000000,80,3,-87.0,876.0
1123,2015-12-13,1449964800000000000,80,3,-86.0,876.0
1124,2015-12-14,1450051200000000000,81,3,-84.0,875.0
1125,2015-12-15,1450137600000000000,81,3,-84.0,873.0
1126,2015-12-16,1450224000000000000,82,3,-86.0,872.0
1129,2015-12-17,1450310400000000000,82,3,-86.0,871.0
1127,2015-12-18,1450396800000000000,83,3,-85.0,869.0
1128,2015-12-20,1450569600000000000,83,3,-86.0,868.0
1130,2015-12-21,1450656000000000000,84,3,-86.0,868.0
1131,2015-12-22,1450742400000000000,84,3,-84.0,866.0
1132,2015-12-23,1450828800000000000,84,3,-85.0,866.0
1133,2015-12-24,1450915200000000000,85,3,-85.0,864.0
1136,2015-12-25,1451001600000000000,85,3,-85.0,863.0
1135,2015-12-26,1451088000000000000,86,3,-84.0,862.0
1134,2015-12-27,1451174400000000000,86,3,-86.0,861.0
1137,2015-12-28,1451260800000000000,87,3,-85.0,859.0
1138,2015-12-29,1451347200000000000,87,3,-85.0,858.0
1139,2015-12-30,1451433600000000000,88,3,-85.0,857.0
1141,2015-12-31,1451520000000000000,88,3,-85.0,855.0
1140,2016-01-01,1451606400000000000,88,3,-85.0,854.0
1142,2016-01-02,1451692800000000000,89,3,-83.0,853.0
1143,2016-01-03,1451779200000000000,89,3,-86.0,851.0
1145,2016-01-04,1451865600000000000,90,4,-84.0,851.0
1144,2016-01-05,1451952000000000000,90,4,-85.0,849.0
1146,2016-01-06,1452038400000000000,91,4,-85.0,848.0
1147,2016-01-07,1452124800000000000,91,4,-86.0,847.0
1148,2016-01-08,1452211200000000000,92,4,-88.0,846.0
1149,2016-01-09,1452297600000000000,92,4,-86.0,845.0
1150,2016-01-10,1452384000000000000,93,4,-87.0,844.0
1151,2016-01-11,1452470400000000000,93,4,-87.0,842.0
1152,2016-01-12,1452556800000000000,93,4,-87.0,841.0
1153,2016-01-13,1452643200000000000,94,4,-87.0,840.0
1155,2016-01-14,1452729600000000000,94,4,-88.0,839.0
1154,2016-01-15,1452816000000000000,95,4,-88.0,837.0
1156,2016-01-16,1452902400000000000,95,4,-87.0,836.0
1157,2016-01-17,1452988800000000000,96,4,-87.0,835.0
1158,2016-01-18,1453075200000000000,96,4,-88.0,833.0
1159,2016-01-19,1453161600000000000,97,4,-88.0,832.0
1160,2016-01-20,1453248000000000000,97,4,-88.0,831.0
1161,2016-01-21,1453334400000000000,98,4,-88.0,830.0
1162,2016-01-22,1453420800000000000,98,4,-88.0,828.0
1163,2016-01-23,1453507200000000000,99,4,-88.0,827.0
1164,2016-01-24,1453593600000000000,99,4,-88.0,826.0
1166,2016-01-26,1453766400000000000,99,4,-88.0,824.0
1165,2016-01-27,1453852800000000000,100,4,-88.0,824.0
1170,2016-01-28,1453939200000000000,100,4,-87.0,822.0
1169,2016-01-29,1454025600000000000,101,4,-88.0,820.0
1167,2016-01-30,1454112000000000000,101,4,-87.0,819.0
1168,2016-01-31,1454198400000000000,102,4,-89.0,818.0
1171,2016-02-01,1454284800000000000,102,4,-87.0,816.0
1172,2016-02-02,1454371200000000000,103,4,-87.0,816.0
1173,2016-02-03,1454457600000000000,103,4,-87.0,815.0
1174,2016-02-04,1454544000000000000,104,4,-86.0,814.0
1175,2016-02-05,1454630400000000000,104,4,-85.0,812.0
1176,2016-02-06,1454716800000000000,105,4,-86.0,811.0
1178,2016-02-07,1454803200000000000,105,4,-85.0,810.0
1177,2016-02-08,1454889600000000000,105,4,-85.0,809.0
1179,2016-02-09,1454976000000000000,106,4,-86.0,807.0
1180,2016-02-10,1455062400000000000,106,4,-85.0,806.0
1182,2016-02-11,1455148800000000000,107,4,-85.0,804.0
1185,2016-02-12,1455235200000000000,107,4,-85.0,803.0
1184,2016-02-13,1455321600000000000,108,4,-85.0,802.0
1181,2016-02-14,1455408000000000000,108,4,-85.0,800.0
1183,2016-02-15,1455494400000000000,109,4,-84.0,799.0
1187,2016-02-16,1455580800000000000,109,4,-84.0,798.0
1186,2016-02-17,1455667200000000000,110,4,-84.0,797.0
1188,2016-02-18,1455753600000000000,110,4,-84.0,794.0
1189,2016-02-19,1455840000000000000,111,4,-83.0,794.0
1190,2016-02-20,1455926400000000000,111,4,-84.0,794.0
1191,2016-02-21,1456012800000000000,112,4,-83.0,792.0
1192,2016-02-22,1456099200000000000,112,4,-81.0,790.0
1193,2016-02-23,1456185600000000000,112,4,-81.0,790.0
1194,2016-02-24,1456272000000000000,113,4,-84.0,788.0
1195,2016-02-25,1456358400000000000,113,4,-84.0,787.0
1197,2016-02-26,1456444800000000000,114,4,-81.0,787.0
1196,2016-02-27,1456531200000000000,114,4,-82.0,787.0
1198,2016-02-28,1456617600000000000,115,4,-83.0,786.0
1199,2016-02-29,1456704000000000000,115,4,-83.0,784.0
1201,2016-03-01,1456790400000000000,116,4,-83.0,782.0
1200,2016-03-03,1456963200000000000,116,4,-82.0,782.0
1202,2016-03-04,1457049600000000000,117,4,-84.0,781.0
1203,2016-03-05,1457136000000000000,117,4,-81.0,780.0
1204,2016-03-06,1457222400000000000,118,4,-79.0,778.0
1205,2016-03-07,1457308800000000000,118,4,-82.0,777.0
1206,2016-03-08,1457395200000000000,119,4,-82.0,775.0
1207,2016-03-09,1457481600000000000,119,4,-83.0,774.0
1208,2016-03-10,1457568000000000000,120,5,-84.0,774.0
1210,2016-03-11,1457654400000000000,120,5,-83.0,773.0
1209,2016-03-12,1457740800000000000,121,5,-83.0,772.0
1211,2016-03-13,1457827200000000000,121,5,-84.0,771.0
1212,2016-03-14,1457913600000000000,122,5,-83.0,769.0
1213,2016-03-15,1458000000000000000,122,5,-81.0,768.0
1214,2016-03-16,1458086400000000000,123,5,-82.0,767.0
1216,2016-03-17,1458172800000000000,123,5,-80.0,767.0
1217,2016-03-18,1458259200000000000,123,5,-80.0,766.0
1215,2016-03-19,1458345600000000000,124,5,-80.0,765.0
1218,2016-03-20,1458432000000000000,124,5,-80.0,764.0
1219,2016-03-21,1458518400000000000,125,5,-80.0,763.0
1220,2016-03-24,1458777600000000000,126,5,-80.0,760.0
1222,2016-03-25,1458864000000000000,127,5,-81.0,760.0
1221,2016-03-26,1458950400000000000,127,5,-81.0,758.0
1223,2016-03-27,1459036800000000000,128,5,-79.0,758.0
1224,2016-03-28,1459123200000000000,128,5,-79.0,757.0
1226,2016-03-29,1459209600000000000,129,5,-79.0,756.0
1225,2016-03-30,1459296000000000000,129,5,-80.0,755.0
1229,2016-03-31,1459382400000000000,130,5,-79.0,755.0
1228,2016-04-01,1459468800000000000,130,5,-80.0,753.0
1227,2016-04-02,1459555200000000000,131,5,-79.0,752.0
1230,2016-04-03,1459641600000000000,131,5,-78.0,752.0
1231,2016-04-04,1459728000000000000,132,5,-80.0,751.0
1232,2016-04-05,1459814400000000000,132,5,-78.0,751.0
1233,2016-04-06,1459900800000000000,133,5,-80.0,750.0
1235,2016-04-07,1459987200000000000,133,5,-80.0,749.0
1234,2016-04-08,1460073600000000000,134,5,-79.0,748.0
1236,2016-04-10,1460246400000000000,134,5,-80.0,748.0
1237,2016-04-11,1460332800000000000,135,5,-81.0,748.0
1238,2016-04-12,1460419200000000000,135,5,-81.0,747.0
1239,2016-04-13,1460505600000000000,136,5,-76.0,745.0
1240,2016-04-14,1460592000000000000,136,5,-78.0,745.0
1243,2016-04-15,1460678400000000000,137,5,-77.0,745.0
1241,2016-04-16,1460764800000000000,137,5,-77.0,745.0
1242,2016-04-17,1460851200000000000,138,5,-78.0,744.0
1244,2016-04-18,1460937600000000000,138,5,-77.0,744.0
1245,2016-04-19,1461024000000000000,139,5,-80.0,744.0
1246,2016-04-20,1461110400000000000,139,5,-80.0,743.0
1247,2016-04-21,1461196800000000000,140,5,-80.0,743.0
1248,2016-04-22,1461283200000000000,140,5,-78.0,742.0
1250,2016-04-23,1461369600000000000,141,5,-77.0,741.0
1249,2016-04-24,1461456000000000000,141,5,-77.0,740.0
1251,2016-04-25,1461542400000000000,142,5,-78.0,740.0
1252,2016-04-26,1461628800000000000,142,5,-77.0,738.0
1253,2016-04-27,1461715200000000000,143,5,-78.0,738.0
1256,2016-04-28,1461801600000000000,144,5,-78.0,738.0
1254,2016-04-29,1461888000000000000,144,5,-77.0,738.0
1255,2016-04-30,1461974400000000000,145,5,-76.0,736.0
1257,2016-05-01,1462060800000000000,145,5,-77.0,735.0
1258,2016-05-02,1462147200000000000,146,5,-74.0,735.0
1259,2016-05-03,1462233600000000000,146,5,-78.0,734.0
1260,2016-05-04,1462320000000000000,147,5,-76.0,734.0
1262,2016-05-05,1462406400000000000,147,5,-78.0,734.0
1263,2016-05-06,1462492800000000000,148,5,-76.0,733.0
1261,2016-05-07,1462579200000000000,148,5,-77.0,732.0
1264,2016-05-08,1462665600000000000,149,5,-77.0,732.0
1265,2016-05-09,1462752000000000000,149,5,-75.0,732.0
1266,2016-05-10,1462838400000000000,150,6,-76.0,734.0
1267,2016-05-11,1462924800000000000,150,6,-75.0,734.0
1268,2016-05-12,1463011200000000000,151,6,-77.0,733.0
1269,2016-05-13,1463097600000000000,151,6,-76.0,734.0
1270,2016-05-14,1463184000000000000,152,6,-76.0,735.0
1271,2016-05-15,1463270400000000000,152,6,-80.0,735.0
1272,2016-05-17,1463443200000000000,153,6,-74.0,735.0
1273,2016-05-18,1463529600000000000,153,6,-75.0,734.0
1276,2016-05-19,1463616000000000000,154,6,-75.0,735.0
1274,2016-05-20,1463702400000000000,155,6,-75.0,737.0
1277,2016-05-21,1463788800000000000,155,6,-75.0,736.0
1275,2016-05-22,1463875200000000000,156,6,-76.0,735.0
1278,2016-05-23,1463961600000000000,156,6,-73.0,737.0
1279,2016-05-24,1464048000000000000,157,6,-73.0,738.0
1280,2016-05-25,1464134400000000000,157,6,-72.0,739.0
1283,2016-05-26,1464220800000000000,158,6,-73.0,736.0
1281,2016-05-27,1464307200000000000,158,6,-76.0,737.0
1282,2016-05-28,1464393600000000000,159,6,-75.0,739.0
1284,2016-05-29,1464480000000000000,159,6,-75.0,740.0
1286,2016-05-30,1464566400000000000,160,6,-74.0,739.0
1285,2016-05-31,1464652800000000000,160,6,-72.0,738.0
1287,2016-06-01,1464739200000000000,161,6,-74.0,738.0
1288,2016-06-02,1464825600000000000,162,6,-76.0,739.0
1289,2016-06-03,1464912000000000000,162,6,-76.0,739.0
1290,2016-06-04,1464998400000000000,163,6,-75.0,739.0
1291,2016-06-05,1465084800000000000,163,6,-74.0,739.0
1292,2016-06-06,1465171200000000000,164,6,-75.0,740.0
1293,2016-06-07,1465257600000000000,164,6,-74.0,740.0
1294,2016-06-08,1465344000000000000,165,6,-74.0,739.0
1295,2016-06-09,1465430400000000000,165,6,-75.0,740.0
1296,2016-06-10,1465516800000000000,166,6,-74.0,743.0
1297,2016-06-11,1465603200000000000,167,6,-74.0,743.0
1299,2016-06-12,1465689600000000000,167,6,-73.0,742.0
1298,2016-06-13,1465776000000000000,168,6,-74.0,744.0
1301,2016-06-14,1465862400000000000,168,6,-75.0,746.0
1300,2016-06-15,1465948800000000000,169,6,-74.0,745.0
1303,2016-06-16,1466035200000000000,169,6,-74.0,746.0
1302,2016-06-17,1466121600000000000,170,6,-75.0,748.0
1304,2016-06-18,1466208000000000000,170,6,-73.0,749.0
1305,2016-06-19,1466294400000000000,171,6,-75.0,749.0
1306,2016-06-20,1466380800000000000,172,6,-76.0,749.0
1308,2016-06-21,1466467200000000000,172,6,-76.0,751.0
1307,2016-06-23,1466640000000000000,173,6,-77.0,751.0
1311,2016-06-24,1466726400000000000,173,6,-74.0,751.0
1309,2016-06-25,1466812800000000000,174,6,-73.0,751.0
1310,2016-06-26,1466899200000000000,174,6,-76.0,752.0
1312,2016-06-27,1466985600000000000,175,6,-73.0,752.0
1313,2016-06-28,1467072000000000000,176,6,-74.0,753.0
1314,2016-06-29,1467158400000000000,176,6,-75.0,755.0
1315,2016-06-30,1467244800000000000,177,6,-74.0,755.0
1316,2016-07-01,1467331200000000000,177,6,-74.0,755.0
1317,2016-07-02,1467417600000000000,178,6,-73.0,756.0
1318,2016-07-12,1468281600000000000,184,7,-66.0,751.0
1319,2016-07-13,1468368000000000000,184,7,-73.0,770.0
1322,2016-07-14,1468454400000000000,185,7,-73.0,770.0
1321,2016-07-15,1468540800000000000,185,7,-73.0,770.0
1320,2016-07-16,1468627200000000000,186,7,-75.0,771.0
1323,2016-07-17,1468713600000000000,187,7,-75.0,771.0
1324,2016-07-18,1468800000000000000,187,7,-75.0,774.0
1325,2016-07-19,1468886400000000000,188,7,-75.0,775.0
1328,2016-07-20,1468972800000000000,188,7,-76.0,775.0
1329,2016-07-21,1469059200000000000,189,7,-74.0,779.0
1327,2016-07-22,1469145600000000000,190,7,-75.0,779.0
1326,2016-07-23,1469232000000000000,190,7,-74.0,781.0
1330,2016-07-24,1469318400000000000,191,7,-72.0,782.0
1331,2016-07-25,1469404800000000000,191,7,-72.0,782.0
1333,2016-07-26,1469491200000000000,192,7,-78.0,784.0
1332,2016-07-27,1469577600000000000,193,7,-72.0,784.0
1336,2016-07-28,1469664000000000000,193,7,-73.0,785.0
1334,2016-07-29,1469750400000000000,194,7,-72.0,787.0
1335,2016-07-31,1469923200000000000,194,7,-72.0,791.0
1337,2016-08-01,1470009600000000000,195,7,-70.0,791.0
1338,2016-08-02,1470096000000000000,196,7,-73.0,793.0
1339,2016-08-03,1470182400000000000,196,7,-73.0,793.0
1340,2016-08-04,1470268800000000000,197,7,-71.0,793.0
1343,2016-08-05,1470355200000000000,197,7,-72.0,797.0
1342,2016-08-06,1470441600000000000,198,7,-72.0,798.0
1341,2016-08-07,1470528000000000000,199,7,-71.0,800.0
1344,2016-08-08,1470614400000000000,199,7,-72.0,803.0
1345,2016-08-09,1470700800000000000,200,7,-72.0,804.0
1346,2016-08-10,1470787200000000000,200,7,-71.0,803.0
1347,2016-08-11,1470873600000000000,201,7,-72.0,807.0
1348,2016-08-12,1470960000000000000,202,7,-72.0,808.0
1349,2016-08-13,1471046400000000000,202,7,-70.0,810.0
1351,2016-08-14,1471132800000000000,203,7,-69.0,810.0
1350,2016-08-15,1471219200000000000,204,7,-69.0,811.0
1352,2016-08-16,1471305600000000000,204,7,-71.0,813.0
1353,2016-08-17,1471392000000000000,205,7,-70.0,818.0
1356,2016-08-18,1471478400000000000,205,7,-70.0,818.0
1355,2016-08-19,1471564800000000000,206,7,-71.0,823.0
1354,2016-08-20,1471651200000000000,207,7,-72.0,825.0
1357,2016-08-21,1471737600000000000,207,7,-71.0,821.0
1358,2016-08-22,1471824000000000000,208,7,-68.0,823.0
1360,2016-08-23,1471910400000000000,208,7,-71.0,828.0
1359,2016-08-24,1471996800000000000,209,7,-70.0,828.0
1361,2016-08-25,1472083200000000000,210,8,-74.0,828.0
1362,2016-08-26,1472169600000000000,210,8,-68.0,829.0
1363,2016-08-27,1472256000000000000,211,8,-69.0,831.0
1364,2016-08-28,1472342400000000000,212,8,-69.0,833.0
1365,2016-08-29,1472428800000000000,212,8,-69.0,836.0
1366,2016-08-30,1472515200000000000,213,8,-70.0,841.0
1367,2016-08-31,1472601600000000000,214,8,-74.0,841.0
1369,2016-09-01,1472688000000000000,214,8,-69.0,841.0
1368,2016-09-02,1472774400000000000,215,8,-71.0,841.0
1370,2016-09-03,1472860800000000000,215,8,-69.0,842.0
1371,2016-09-04,1472947200000000000,216,8,-71.0,842.0
1373,2016-09-06,1473120000000000000,217,8,-74.0,845.0
1372,2016-09-07,1473206400000000000,217,8,-73.0,850.0
1374,2016-09-08,1473292800000000000,218,8,-69.0,854.0
1377,2016-09-09,1473379200000000000,219,8,-70.0,858.0
1376,2016-09-10,1473465600000000000,219,8,-69.0,859.0
1375,2016-09-11,1473552000000000000,220,8,-69.0,860.0
1378,2016-09-12,1473638400000000000,220,8,-69.0,859.0
1379,2016-09-13,1473724800000000000,221,8,-71.0,861.0
1380,2016-09-14,1473811200000000000,222,8,-70.0,865.0
1382,2016-09-15,1473897600000000000,222,8,-69.0,870.0
1381,2016-09-16,1473984000000000000,223,8,-68.0,871.0
1383,2016-09-17,1474070400000000000,224,8,-68.0,871.0
1384,2016-09-18,1474156800000000000,224,8,-71.0,871.0
1385,2016-09-19,1474243200000000000,225,8,-68.0,870.0
1386,2016-09-20,1474329600000000000,226,8,-67.0,873.0
1387,2016-09-21,1474416000000000000,226,8,-69.0,877.0
1388,2016-09-22,1474502400000000000,227,8,-70.0,879.0
1389,2016-09-23,1474588800000000000,228,8,-72.0,881.0
1391,2016-09-24,1474675200000000000,228,8,-70.0,879.0
1392,2016-09-25,1474761600000000000,229,8,-71.0,880.0
1390,2016-09-26,1474848000000000000,229,8,-68.0,879.0
1393,2016-09-27,1474934400000000000,230,8,-67.0,881.0
1394,2016-09-28,1475020800000000000,231,8,-68.0,889.0
1396,2016-09-29,1475107200000000000,231,8,-72.0,890.0
1395,2016-09-30,1475193600000000000,232,8,-69.0,888.0
1397,2016-10-01,1475280000000000000,233,8,-72.0,888.0
1399,2016-10-02,1475366400000000000,233,8,-68.0,887.0
1398,2016-10-03,1475452800000000000,234,8,-66.0,890.0
1400,2016-10-04,1475539200000000000,235,8,-68.0,893.0
1401,2016-10-05,1475625600000000000,235,8,-70.0,893.0
1403,2016-10-06,1475712000000000000,236,8,-68.0,893.0
1402,2016-10-07,1475798400000000000,237,8,-68.0,892.0
1404,2016-10-08,1475884800000000000,237,8,-68.0,895.0
1405,2016-10-09,1475971200000000000,238,8,-71.0,899.0
1406,2016-10-10,1476057600000000000,239,8,-71.0,901.0
1407,2016-10-11,1476144000000000000,239,8,-68.0,901.0
1408,2016-10-12,1476230400000000000,240,9,-69.0,902.0
1410,2016-10-14,1476403200000000000,240,9,-68.0,903.0
1411,2016-10-15,1476489600000000000,241,9,-66.0,904.0
1409,2016-10-16,1476576000000000000,242,9,-69.0,906.0
1412,2016-10-17,1476662400000000000,242,9,-68.0,910.0
1413,2016-10-18,1476748800000000000,243,9,-70.0,905.0
1414,2016-10-19,1476835200000000000,244,9,-70.0,904.0
1416,2016-10-20,1476921600000000000,244,9,-71.0,903.0
1415,2016-10-21,1477008000000000000,245,9,-72.0,906.0
1417,2016-10-22,1477094400000000000,246,9,-68.0,909.0
1418,2016-10-23,1477180800000000000,246,9,-68.0,907.0
1419,2016-10-24,1477267200000000000,247,9,-69.0,903.0
1420,2016-10-25,1477353600000000000,248,9,-70.0,903.0
1421,2016-10-26,1477440000000000000,248,9,-69.0,903.0
1422,2016-10-27,1477526400000000000,249,9,-69.0,907.0
1424,2016-10-28,1477612800000000000,250,9,-70.0,909.0
1423,2016-10-29,1477699200000000000,250,9,-69.0,910.0
1425,2016-10-30,1477785600000000000,251,9,-69.0,906.0
1426,2016-10-31,1477872000000000000,252,9,-71.0,907.0
1427,2016-11-01,1477958400000000000,252,9,-70.0,907.0
1428,2016-11-02,1478044800000000000,253,9,-70.0,907.0
1430,2016-11-03,1478131200000000000,254,9,-70.0,910.0
1431,2016-11-04,1478217600000000000,254,9,-70.0,908.0
1429,2016-11-05,1478304000000000000,255,9,-77.0,908.0
1432,2016-11-06,1478390400000000000,255,9,-78.0,906.0
1433,2016-11-07,1478476800000000000,256,9,-74.0,907.0
1434,2016-11-08,1478563200000000000,257,9,-73.0,906.0
1435,2016-11-09,1478649600000000000,257,9,-76.0,906.0
1436,2016-11-10,1478736000000000000,258,9,-71.0,909.0
1437,2016-11-11,1478822400000000000,259,9,-76.0,911.0
1438,2016-11-12,1478908800000000000,259,9,-78.0,909.0
1440,2016-11-13,1478995200000000000,260,9,-72.0,906.0
1439,2016-11-14,1479081600000000000,261,9,-73.0,905.0
1441,2016-11-15,1479168000000000000,261,9,-71.0,905.0
1442,2016-11-16,1479254400000000000,262,9,-71.0,905.0
1443,2016-11-17,1479340800000000000,263,9,-77.0,905.0
1444,2016-11-18,1479427200000000000,263,9,-76.0,904.0
1445,2016-11-20,1479600000000000000,264,9,-74.0,902.0
1446,2016-11-21,1479686400000000000,265,9,-72.0,900.0
1449,2016-11-22,1479772800000000000,265,9,-71.0,900.0
1450,2016-11-23,1479859200000000000,266,9,-72.0,898.0
1451,2016-11-24,1479945600000000000,267,9,-73.0,900.0
1452,2016-11-25,1480032000000000000,267,9,-71.0,899.0
1447,2016-11-26,1480118400000000000,268,9,-76.0,900.0
1448,2016-11-27,1480204800000000000,268,9,-72.0,900.0
1453,2016-11-28,1480291200000000000,269,9,-72.0,896.0
1454,2016-11-29,1480377600000000000,270,10,-73.0,898.0
1455,2016-11-30,1480464000000000000,270,10,-73.0,900.0
1456,2016-12-01,1480550400000000000,271,10,-71.0,901.0
1458,2016-12-02,1480636800000000000,272,10,-74.0,900.0
1457,2016-12-03,1480723200000000000,272,10,-73.0,898.0
1459,2016-12-04,1480809600000000000,273,10,-74.0,896.0
1460,2016-12-05,1480896000000000000,274,10,-72.0,896.0
1461,2016-12-06,1480982400000000000,274,10,-76.0,895.0
1462,2016-12-07,1481068800000000000,275,10,-73.0,895.0
1464,2016-12-08,1481155200000000000,276,10,-74.0,896.0
1463,2016-12-09,1481241600000000000,276,10,-71.0,894.0
1465,2016-12-10,1481328000000000000,277,10,-73.0,891.0
1467,2016-12-11,1481414400000000000,277,10,-73.0,889.0
1466,2016-12-12,1481500800000000000,278,10,-75.0,887.0
1468,2016-12-13,1481587200000000000,279,10,-76.0,887.0
1469,2016-12-14,1481673600000000000,279,10,-76.0,887.0
1472,2016-12-15,1481760000000000000,280,10,-71.0,888.0
1471,2016-12-16,1481846400000000000,281,10,-71.0,886.0
1470,2016-12-17,1481932800000000000,281,10,-74.0,886.0
1474,2016-12-18,1482019200000000000,282,10,-77.0,884.0
1473,2016-12-19,1482105600000000000,283,10,-70.0,882.0
1477,2016-12-20,1482192000000000000,283,10,-71.0,883.0
1478,2016-12-21,1482278400000000000,284,10,-72.0,883.0
1475,2016-12-22,1482364800000000000,284,10,-70.0,883.0
1476,2016-12-23,1482451200000000000,285,10,-72.0,880.0
1484,2016-12-24,1482537600000000000,286,10,-76.0,879.0
1482,2016-12-25,1482624000000000000,286,10,-76.0,877.0
1485,2016-12-27,1482796800000000000,287,10,-77.0,877.0
1479,2016-12-28,1482883200000000000,288,10,-73.0,877.0
1483,2016-12-29,1482969600000000000,288,10,-75.0,879.0
1481,2016-12-30,1483056000000000000,289,10,-70.0,877.0
1480,2016-12-31,1483142400000000000,290,10,-72.0,874.0
1487,2017-01-01,1483228800000000000,290,10,-76.0,876.0
1486,2017-01-02,1483315200000000000,291,10,-70.0,872.0
1488,2017-01-03,1483401600000000000,291,10,-71.0,876.0
1492,2017-01-04,1483488000000000000,292,10,-70.0,873.0
1491,2017-01-05,1483574400000000000,293,10,-71.0,873.0
1490,2017-01-06,1483660800000000000,293,10,-70.0,873.0
1489,2017-01-07,1483747200000000000,294,10,-81.0,869.0
1493,2017-01-08,1483833600000000000,295,10,-74.0,872.0
1495,2017-01-09,1483920000000000000,295,10,-72.0,868.0
1494,2017-01-10,1484006400000000000,296,10,-73.0,871.0
1496,2017-01-11,1484092800000000000,296,10,-72.0,869.0
1498,2017-01-12,1484179200000000000,297,10,-72.0,866.0
1499,2017-01-13,1484265600000000000,298,10,-74.0,868.0
1500,2017-01-14,1484352000000000000,298,10,-73.0,862.0
1497,2017-01-15,1484438400000000000,299,10,-72.0,867.0
1501,2017-01-16,1484524800000000000,299,10,-72.0,862.0
1503,2017-01-17,1484611200000000000,300,11,-74.0,862.0
1502,2017-01-18,1484697600000000000,301,11,-75.0,862.0
1505,2017-01-19,1484784000000000000,301,11,-77.0,860.0
1506,2017-01-20,1484870400000000000,302,11,-76.0,864.0
1504,2017-01-21,1484956800000000000,303,11,-72.0,858.0
1508,2017-01-22,1485043200000000000,303,11,-73.0,860.0
1507,2017-01-23,1485129600000000000,304,11,-72.0,858.0
1510,2017-01-24,1485216000000000000,304,11,-72.0,857.0
1509,2017-01-25,1485302400000000000,305,11,-76.0,860.0
1512,2017-01-26,1485388800000000000,306,11,-73.0,852.0
1511,2017-01-27,1485475200000000000,306,11,-71.0,857.0
1513,2017-01-28,1485561600000000000,307,11,-72.0,852.0
1514,2017-01-29,1485648000000000000,307,11,-74.0,855.0
1515,2017-01-30,1485734400000000000,308,11,-71.0,855.0
1516,2017-01-31,1485820800000000000,309,11,-74.0,850.0
1517,2017-02-01,1485907200000000000,309,11,-73.0,855.0
1519,2017-02-03,1486080000000000000,310,11,-70.0,849.0
1518,2017-02-04,1486166400000000000,310,11,-72.0,853.0
1520,2017-02-05,1486252800000000000,311,11,-71.0,850.0
1522,2017-02-06,1486339200000000000,312,11,-71.0,853.0
1521,2017-02-07,1486425600000000000,312,11,-77.0,852.0
1523,2017-02-08,1486512000000000000,313,11,-76.0,847.0
1524,2017-02-09,1486598400000000000,313,11,-77.0,850.0
1526,2017-02-10,1486684800000000000,314,11,-73.0,846.0
1525,2017-02-11,1486771200000000000,315,11,-75.0,850.0
1528,2017-02-12,1486857600000000000,315,11,-77.0,846.0
1527,2017-02-13,1486944000000000000,316,11,-72.0,847.0
1529,2017-02-14,1487030400000000000,316,11,-71.0,847.0
1534,2017-02-18,1487376000000000000,319,11,-72.0,846.0
1533,2017-02-19,1487462400000000000,319,11,-73.0,837.0
1536,2017-02-20,1487548800000000000,320,11,-73.0,842.0
1535,2017-02-21,1487635200000000000,320,11,-73.0,848.0
1537,2017-02-22,1487721600000000000,321,11,-72.0,840.0
1540,2017-02-23,1487808000000000000,322,11,-71.0,845.0
1538,2017-02-24,1487894400000000000,322,11,-73.0,841.0
1539,2017-02-25,1487980800000000000,323,11,-70.0,844.0
1541,2017-02-26,1488067200000000000,323,11,-73.0,842.0
1542,2017-02-27,1488153600000000000,324,11,-71.0,841.0
1544,2017-02-28,1488240000000000000,324,11,-71.0,840.0
1543,2017-03-01,1488326400000000000,325,11,-72.0,837.0
1546,2017-03-02,1488412800000000000,326,11,-71.0,839.0
1545,2017-03-03,1488499200000000000,326,11,-71.0,839.0
1547,2017-03-04,1488585600000000000,327,11,-72.0,838.0
1549,2017-03-05,1488672000000000000,327,11,-71.0,839.0
1548,2017-03-06,1488758400000000000,328,11,-74.0,837.0
1551,2017-03-07,1488844800000000000,328,11,-77.0,838.0
1550,2017-03-08,1488931200000000000,329,11,-77.0,837.0
1552,2017-03-09,1489017600000000000,330,12,-72.0,836.0
1554,2017-03-10,1489104000000000000,330,12,-75.0,834.0
1553,2017-03-12,1489276800000000000,331,12,-72.0,834.0
1555,2017-03-13,1489363200000000000,331,12,-73.0,833.0
1556,2017-03-14,1489449600000000000,332,12,-72.0,834.0
1557,2017-03-15,1489536000000000000,332,12,-73.0,833.0
1559,2017-03-16,1489622400000000000,333,12,-73.0,833.0
1558,2017-03-17,1489708800000000000,334,12,-71.0,832.0
1561,2017-03-18,1489795200000000000,334,12,-72.0,832.0
1560,2017-03-19,1489881600000000000,335,12,-72.0,831.0
1564,2017-03-20,1489968000000000000,335,12,-72.0,829.0
1563,2017-03-21,1490054400000000000,336,12,-74.0,832.0
1562,2017-03-22,1490140800000000000,336,12,-74.0,832.0
1567,2017-03-23,1490227200000000000,337,12,-74.0,832.0
1565,2017-03-24,1490313600000000000,337,12,-74.0,831.0
1566,2017-03-25,1490400000000000000,338,12,-73.0,831.0
1568,2017-03-26,1490486400000000000,339,12,-73.0,830.0
1569,2017-03-27,1490572800000000000,339,12,-74.0,830.0
1570,2017-03-28,1490659200000000000,340,12,-75.0,833.0
1571,2017-03-29,1490745600000000000,340,12,-77.0,833.0
1572,2017-03-30,1490832000000000000,341,12,-76.0,834.0
1573,2017-03-31,1490918400000000000,341,12,-75.0,833.0
1575,2017-04-01,1491004800000000000,342,12,-75.0,829.0
1574,2017-04-02,1491091200000000000,342,12,-76.0,831.0
1576,2017-04-03,1491177600000000000,343,12,-75.0,832.0
1578,2017-04-04,1491264000000000000,343,12,-75.0,836.0
1577,2017-04-05,1491350400000000000,344,12,-77.0,835.0
1579,2017-04-06,1491436800000000000,345,12,-77.0,832.0
1581,2017-04-07,1491523200000000000,345,12,-74.0,832.0
1580,2017-04-08,1491609600000000000,346,12,-75.0,831.0
1583,2017-04-09,1491696000000000000,346,12,-75.0,831.0
1584,2017-04-10,1491782400000000000,347,12,-74.0,832.0
1586,2017-04-11,1491868800000000000,347,12,-74.0,832.0
1585,2017-04-12,1491955200000000000,348,12,-76.0,833.0
1582,2017-04-13,1492041600000000000,348,12,-76.0,834.0
1588,2017-04-14,1492128000000000000,349,12,-76.0,833.0
1587,2017-04-15,1492214400000000000,349,12,-77.0,831.0
1589,2017-04-16,1492300800000000000,350,12,-74.0,833.0
1590,2017-04-18,1492473600000000000,350,12,-76.0,834.0
1591,2017-04-19,1492560000000000000,351,12,-76.0,832.0
1592,2017-04-20,1492646400000000000,351,12,-74.0,833.0
1594,2017-04-21,1492732800000000000,352,12,-75.0,836.0
1593,2017-04-22,1492819200000000000,352,12,-75.0,835.0
1595,2017-04-23,1492905600000000000,353,12,-75.0,835.0
1596,2017-04-24,1492992000000000000,354,12,-76.0,837.0
1597,2017-04-25,1493078400000000000,354,12,-74.0,835.0
1598,2017-04-26,1493164800000000000,355,12,-74.0,836.0
1599,2017-04-27,1493251200000000000,355,12,-75.0,836.0
1601,2017-04-28,1493337600000000000,356,12,-74.0,835.0
1602,2017-04-29,1493424000000000000,356,12,-74.0,837.0
1603,2017-04-30,1493510400000000000,357,12,-76.0,839.0
1600,2017-05-01,1493596800000000000,357,12,-75.0,837.0
1604,2017-05-02,1493683200000000000,358,12,-75.0,837.0
1605,2017-05-03,1493769600000000000,358,12,-77.0,838.0
1607,2017-05-04,1493856000000000000,359,12,-75.0,838.0
1608,2017-05-05,1493942400000000000,359,12,-75.0,838.0
1606,2017-05-06,1494028800000000000,0,1,-76.0,840.0
1610,2017-05-07,1494115200000000000,0,1,-75.0,840.0
1609,2017-05-08,1494201600000000000,1,1,-76.0,840.0
1614,2017-05-10,1494374400000000000,2,1,-62.0,820.0
1612,2017-05-11,1494460800000000000,2,1,-76.0,840.0
1613,2017-05-12,1494547200000000000,3,1,-76.0,840.0
1611,2017-05-13,1494633600000000000,3,1,-77.0,840.0
1615,2017-05-14,1494720000000000000,4,1,-75.0,841.0
1616,2017-05-15,1494806400000000000,4,1,-77.0,841.0
1618,2017-05-16,1494892800000000000,5,1,-77.0,842.0
1617,2017-05-17,1494979200000000000,5,1,-76.0,843.0
1619,2017-05-18,1495065600000000000,6,1,-76.0,842.0
1620,2017-05-19,1495152000000000000,6,1,-76.0,841.0
1621,2017-05-20,1495238400000000000,7,1,-75.0,842.0
1622,2017-05-21,1495324800000000000,7,1,-76.0,843.0
1625,2017-05-22,1495411200000000000,8,1,-77.0,844.0
1623,2017-05-23,1495497600000000000,8,1,-76.0,845.0
1624,2017-05-24,1495584000000000000,9,1,-77.0,845.0
1627,2017-05-26,1495756800000000000,9,1,-77.0,846.0
1626,2017-05-27,1495843200000000000,10,1,-76.0,846.0
1628,2017-05-28,1495929600000000000,10,1,-76.0,847.0
1629,2017-05-29,1496016000000000000,11,1,-76.0,848.0
1631,2017-05-30,1496102400000000000,11,1,-75.0,848.0
1630,2017-05-31,1496188800000000000,12,1,-77.0,849.0
1635,2017-06-01,1496275200000000000,12,1,-75.0,850.0
1633,2017-06-02,1496361600000000000,13,1,-77.0,849.0
1634,2017-06-03,1496448000000000000,13,1,-77.0,851.0
1632,2017-06-04,1496534400000000000,14,1,-76.0,850.0
1636,2017-06-05,1496620800000000000,14,1,-76.0,851.0
1637,2017-06-06,1496707200000000000,15,1,-77.0,852.0
1639,2017-06-07,1496793600000000000,15,1,-77.0,853.0
1638,2017-06-08,1496880000000000000,16,1,-76.0,853.0
1641,2017-06-09,1496966400000000000,16,1,-76.0,852.0
1640,2017-06-10,1497052800000000000,17,1,-77.0,854.0
1642,2017-06-11,1497139200000000000,17,1,-76.0,854.0
1643,2017-06-12,1497225600000000000,18,1,-77.0,856.0
1644,2017-06-13,1497312000000000000,18,1,-79.0,857.0
1645,2017-06-14,1497398400000000000,19,1,-76.0,855.0
1647,2017-06-15,1497484800000000000,19,1,-75.0,855.0
1648,2017-06-16,1497571200000000000,20,1,-76.0,855.0
1646,2017-06-17,1497657600000000000,20,1,-76.0,858.0
1650,2017-06-18,1497744000000000000,21,1,-77.0,858.0
1649,2017-06-19,1497830400000000000,21,1,-78.0,857.0
1651,2017-06-20,1497916800000000000,22,1,-78.0,858.0
1652,2017-06-21,1498003200000000000,22,1,-77.0,859.0
1655,2017-06-22,1498089600000000000,23,1,-78.0,859.0
1653,2017-06-23,1498176000000000000,23,1,-78.0,861.0
1654,2017-06-24,1498262400000000000,23,1,-77.0,860.0
1656,2017-06-25,1498348800000000000,24,1,-78.0,861.0
1657,2017-06-26,1498435200000000000,24,1,-78.0,861.0
1658,2017-06-27,1498521600000000000,25,1,-77.0,861.0
1662,2017-06-28,1498608000000000000,25,1,-78.0,861.0
1659,2017-06-29,1498694400000000000,26,1,-78.0,863.0
1661,2017-06-30,1498780800000000000,26,1,-77.0,865.0
1660,2017-07-02,1498953600000000000,27,1,-78.0,863.0
1663,2017-07-03,1499040000000000000,27,1,-78.0,863.0
1664,2017-07-04,1499126400000000000,28,1,-78.0,865.0
1665,2017-07-05,1499212800000000000,28,1,-76.0,866.0
1666,2017-07-06,1499299200000000000,29,1,-79.0,866.0
1668,2017-07-07,1499385600000000000,29,1,-79.0,867.0
1667,2017-07-08,1499472000000000000,30,2,-76.0,867.0
1669,2017-07-09,1499558400000000000,30,2,-77.0,867.0
1670,2017-07-10,1499644800000000000,31,2,-78.0,867.0
1671,2017-07-11,1499731200000000000,31,2,-80.0,867.0
1672,2017-07-12,1499817600000000000,32,2,-76.0,868.0
1673,2017-07-13,1499904000000000000,32,2,-78.0,870.0
1674,2017-07-14,1499990400000000000,32,2,-77.0,870.0
1675,2017-07-15,1500076800000000000,33,2,-78.0,871.0
1676,2017-07-16,1500163200000000000,33,2,-78.0,871.0
1677,2017-07-17,1500249600000000000,34,2,-78.0,871.0
1678,2017-07-18,1500336000000000000,34,2,-77.0,871.0
1679,2017-07-19,1500422400000000000,35,2,-78.0,872.0
1684,2017-07-20,1500508800000000000,35,2,-77.0,872.0
1687,2017-07-21,1500595200000000000,36,2,-77.0,872.0
1680,2017-07-22,1500681600000000000,36,2,-78.0,873.0
1682,2017-07-23,1500768000000000000,37,2,-79.0,872.0
1690,2017-07-24,1500854400000000000,37,2,-77.0,873.0
1688,2017-07-25,1500940800000000000,38,2,-79.0,873.0
1691,2017-07-26,1501027200000000000,38,2,-77.0,874.0
1683,2017-07-27,1501113600000000000,39,2,-78.0,875.0
1689,2017-07-28,1501200000000000000,39,2,-76.0,875.0
1686,2017-07-29,1501286400000000000,39,2,-79.0,875.0
1692,2017-07-30,1501372800000000000,40,2,-79.0,876.0
1681,2017-07-31,1501459200000000000,40,2,-78.0,876.0
1685,2017-08-01,1501545600000000000,41,2,-78.0,876.0
1693,2017-08-02,1501632000000000000,41,2,-79.0,877.0
1694,2017-08-03,1501718400000000000,42,2,-80.0,877.0
1696,2017-08-04,1501804800000000000,42,2,-79.0,877.0
1695,2017-08-05,1501891200000000000,43,2,-79.0,877.0
1697,2017-08-06,1501977600000000000,43,2,-81.0,877.0
1698,2017-08-07,1502064000000000000,44,2,-78.0,878.0
1699,2017-08-09,1502236800000000000,44,2,-77.0,879.0
1700,2017-08-10,1502323200000000000,45,2,-78.0,879.0
1701,2017-08-11,1502409600000000000,45,2,-78.0,878.0
1703,2017-08-12,1502496000000000000,45,2,-79.0,879.0
1702,2017-08-13,1502582400000000000,46,2,-80.0,883.0
1704,2017-08-14,1502668800000000000,46,2,-77.0,881.0
1705,2017-08-16,1502841600000000000,47,2,-79.0,881.0
1706,2017-08-17,1502928000000000000,48,2,-79.0,881.0
1708,2017-08-18,1503014400000000000,48,2,-79.0,881.0
1707,2017-08-19,1503100800000000000,49,2,-81.0,882.0
1709,2017-08-20,1503187200000000000,49,2,-79.0,882.0
1710,2017-08-21,1503273600000000000,50,2,-80.0,883.0
1711,2017-08-22,1503360000000000000,50,2,-80.0,883.0
1712,2017-08-23,1503446400000000000,50,2,-80.0,883.0
1714,2017-08-24,1503532800000000000,51,2,-81.0,882.0
1715,2017-08-25,1503619200000000000,51,2,-80.0,883.0
1713,2017-08-26,1503705600000000000,52,2,-79.0,884.0
1716,2017-08-27,1503792000000000000,52,2,-79.0,883.0
1717,2017-08-28,1503878400000000000,53,2,-78.0,883.0
1718,2017-08-29,1503964800000000000,53,2,-80.0,883.0
1719,2017-08-30,1504051200000000000,54,2,-80.0,882.0
1722,2017-08-31,1504137600000000000,54,2,-79.0,882.0
1723,2017-09-01,1504224000000000000,55,2,-78.0,882.0
1720,2017-09-02,1504310400000000000,55,2,-78.0,883.0
1721,2017-09-03,1504396800000000000,55,2,-78.0,883.0
1724,2017-09-04,1504483200000000000,56,2,-80.0,884.0
1725,2017-09-05,1504569600000000000,56,2,-78.0,884.0
1726,2017-09-06,1504656000000000000,57,2,-79.0,884.0
1728,2017-09-07,1504742400000000000,57,2,-80.0,884.0
1729,2017-09-08,1504828800000000000,58,2,-78.0,883.0
1727,2017-09-09,1504915200000000000,58,2,-79.0,882.0
1730,2017-09-10,1505001600000000000,59,2,-79.0,882.0
1731,2017-09-11,1505088000000000000,59,2,-80.0,881.0
1732,2017-09-12,1505174400000000000,59,2,-80.0,881.0
1733,2017-09-13,1505260800000000000,60,3,-81.0,881.0
1734,2017-09-15,1505433600000000000,60,3,-82.0,882.0
1735,2017-09-16,1505520000000000000,61,3,-80.0,882.0
1736,2017-09-17,1505606400000000000,61,3,-81.0,881.0
1737,2017-09-18,1505692800000000000,62,3,-82.0,880.0
1738,2017-09-19,1505779200000000000,62,3,-79.0,881.0
1740,2017-09-20,1505865600000000000,63,3,-81.0,882.0
1739,2017-09-21,1505952000000000000,63,3,-78.0,881.0
1743,2017-09-22,1506038400000000000,64,3,-80.0,879.0
1742,2017-09-23,1506124800000000000,64,3,-80.0,879.0
1741,2017-09-24,1506211200000000000,64,3,-80.0,878.0
1744,2017-09-25,1506297600000000000,65,3,-80.0,878.0
1745,2017-09-26,1506384000000000000,65,3,-80.0,879.0
1746,2017-09-27,1506470400000000000,66,3,-80.0,878.0
1749,2017-09-28,1506556800000000000,66,3,-78.0,877.0
1748,2017-09-29,1506643200000000000,67,3,-80.0,877.0
1747,2017-09-30,1506729600000000000,67,3,-80.0,876.0
1750,2017-10-01,1506816000000000000,68,3,-84.0,875.0
1751,2017-10-02,1506902400000000000,68,3,-81.0,875.0
1752,2017-10-03,1506988800000000000,68,3,-80.0,875.0
1753,2017-10-04,1507075200000000000,69,3,-80.0,873.0
1755,2017-10-05,1507161600000000000,69,3,-81.0,873.0
1756,2017-10-06,1507248000000000000,70,3,-81.0,872.0
1754,2017-10-07,1507334400000000000,70,3,-79.0,872.0
1757,2017-10-08,1507420800000000000,71,3,-80.0,872.0
1758,2017-10-09,1507507200000000000,71,3,-77.0,871.0
1759,2017-10-10,1507593600000000000,72,3,-77.0,870.0
1761,2017-10-11,1507680000000000000,72,3,-79.0,869.0
1760,2017-10-12,1507766400000000000,72,3,-80.0,869.0
1762,2017-10-13,1507852800000000000,73,3,-81.0,869.0
1763,2017-10-14,1507939200000000000,73,3,-80.0,868.0
1765,2017-10-15,1508025600000000000,74,3,-80.0,868.0
1764,2017-10-16,1508112000000000000,74,3,-80.0,866.0
1766,2017-10-17,1508198400000000000,75,3,-80.0,865.0
1770,2017-10-18,1508284800000000000,75,3,-80.0,864.0
1768,2017-10-19,1508371200000000000,76,3,-80.0,864.0
1767,2017-10-20,1508457600000000000,76,3,-87.0,864.0
1769,2017-10-22,1508630400000000000,77,3,-80.0,863.0
1771,2017-10-23,1508716800000000000,77,3,-80.0,862.0
1772,2017-10-24,1508803200000000000,77,3,-80.0,861.0
1773,2017-10-25,1508889600000000000,78,3,-78.0,861.0
1774,2017-10-26,1508976000000000000,78,3,-80.0,859.0
1776,2017-10-27,1509062400000000000,79,3,-80.0,858.0
1775,2017-10-28,1509148800000000000,79,3,-81.0,857.0
1779,2017-10-29,1509235200000000000,80,3,-79.0,857.0
1778,2017-10-30,1509321600000000000,80,3,-80.0,857.0
1780,2017-10-31,1509408000000000000,81,3,-79.0,855.0
1777,2017-11-01,1509494400000000000,81,3,-81.0,854.0
1781,2017-11-02,1509580800000000000,81,3,-80.0,853.0
1782,2017-11-03,1509667200000000000,82,3,-82.0,852.0
1783,2017-11-04,1509753600000000000,82,3,-80.0,852.0
1785,2017-11-05,1509840000000000000,83,3,-80.0,850.0
1784,2017-11-06,1509926400000000000,83,3,-78.0,848.0
1786,2017-11-07,1510012800000000000,84,3,-80.0,848.0
1787,2017-11-08,1510099200000000000,84,3,-81.0,846.0
1788,2017-11-09,1510185600000000000,85,3,-81.0,845.0
1789,2017-11-10,1510272000000000000,85,3,-80.0,844.0
1791,2017-11-11,1510358400000000000,86,3,-79.0,843.0
1790,2017-11-12,1510444800000000000,86,3,-79.0,842.0
1792,2017-11-13,1510531200000000000,86,3,-80.0,840.0
1793,2017-11-14,1510617600000000000,87,3,-79.0,839.0
1794,2017-11-15,1510704000000000000,87,3,-79.0,838.0
1797,2017-11-16,1510790400000000000,88,3,-79.0,837.0
1795,2017-11-17,1510876800000000000,88,3,-79.0,835.0
1796,2017-11-18,1510963200000000000,89,3,-79.0,834.0
1798,2017-11-19,1511049600000000000,89,3,-79.0,833.0
1803,2017-11-20,1511136000000000000,90,4,-79.0,832.0
1801,2017-11-21,1511222400000000000,90,4,-78.0,831.0
1800,2017-11-22,1511308800000000000,91,4,-78.0,830.0
1799,2017-11-23,1511395200000000000,91,4,-79.0,829.0
1804,2017-11-24,1511481600000000000,91,4,-79.0,827.0
1805,2017-11-25,1511568000000000000,92,4,-79.0,826.0
1802,2017-11-26,1511654400000000000,92,4,-79.0,824.0
1807,2017-11-27,1511740800000000000,93,4,-79.0,823.0
1806,2017-11-29,1511913600000000000,93,4,-80.0,822.0
1808,2017-11-30,1512000000000000000,94,4,-79.0,821.0
1810,2017-12-01,1512086400000000000,94,4,-80.0,819.0
1809,2017-12-02,1512172800000000000,95,4,-81.0,817.0
1812,2017-12-03,1512259200000000000,95,4,-79.0,816.0
1811,2017-12-04,1512345600000000000,96,4,-79.0,815.0
1814,2017-12-05,1512432000000000000,96,4,-78.0,814.0
1813,2017-12-06,1512518400000000000,96,4,-79.0,812.0
1817,2017-12-07,1512604800000000000,97,4,-80.0,811.0
1816,2017-12-08,1512691200000000000,97,4,-81.0,810.0
1815,2017-12-09,1512777600000000000,98,4,-81.0,808.0
1818,2017-12-10,1512864000000000000,98,4,-81.0,807.0
1819,2017-12-11,1512950400000000000,99,4,-81.0,806.0
1820,2017-12-12,1513036800000000000,99,4,-79.0,804.0
1821,2017-12-13,1513123200000000000,100,4,-78.0,803.0
1822,2017-12-14,1513209600000000000,100,4,-79.0,801.0
1823,2017-12-15,1513296000000000000,101,4,-80.0,800.0
1824,2017-12-16,1513382400000000000,101,4,-79.0,799.0
1825,2017-12-17,1513468800000000000,101,4,-79.0,798.0
1826,2017-12-18,1513555200000000000,102,4,-79.0,796.0
1827,2017-12-19,1513641600000000000,102,4,-80.0,795.0
1828,2017-12-20,1513728000000000000,103,4,-80.0,794.0
1833,2017-12-21,1513814400000000000,103,4,-79.0,792.0
1832,2017-12-22,1513900800000000000,104,4,-80.0,791.0
1830,2017-12-23,1513987200000000000,104,4,-79.0,791.0
1834,2017-12-24,1514073600000000000,105,4,-78.0,790.0
1835,2017-12-25,1514160000000000000,105,4,-78.0,788.0
1829,2017-12-26,1514246400000000000,106,4,-79.0,787.0
1831,2017-12-27,1514332800000000000,106,4,-80.0,786.0
1839,2017-12-28,1514419200000000000,107,4,-77.0,784.0
1836,2017-12-29,1514505600000000000,107,4,-77.0,783.0
1837,2017-12-30,1514592000000000000,108,4,-77.0,782.0
1838,2017-12-31,1514678400000000000,108,4,-78.0,781.0
1840,2018-01-01,1514764800000000000,108,4,-79.0,780.0
1842,2018-01-02,1514851200000000000,109,4,-77.0,778.0
1841,2018-01-03,1514937600000000000,109,4,-78.0,777.0
1844,2018-01-05,1515110400000000000,110,4,-79.0,777.0
1843,2018-01-06,1515196800000000000,110,4,-80.0,775.0
1845,2018-01-07,1515283200000000000,111,4,-79.0,774.0
1847,2018-01-08,1515369600000000000,111,4,-78.0,773.0
1846,2018-01-09,1515456000000000000,112,4,-79.0,771.0
1848,2018-01-10,1515542400000000000,112,4,-79.0,770.0
1849,2018-01-11,1515628800000000000,113,4,-79.0,770.0
1850,2018-01-12,1515715200000000000,113,4,-79.0,768.0
1852,2018-01-13,1515801600000000000,114,4,-78.0,767.0
1851,2018-01-14,1515888000000000000,114,4,-79.0,766.0
1853,2018-01-15,1515974400000000000,115,4,-80.0,765.0
1855,2018-01-16,1516060800000000000,115,4,-79.0,764.0
1854,2018-01-17,1516147200000000000,116,4,-80.0,763.0
1859,2018-01-18,1516233600000000000,116,4,-78.0,762.0
1857,2018-01-19,1516320000000000000,116,4,-78.0,760.0
1858,2018-01-20,1516406400000000000,117,4,-77.0,759.0
1856,2018-01-21,1516492800000000000,117,4,-77.0,758.0
1860,2018-01-22,1516579200000000000,118,4,-78.0,757.0
1863,2018-01-23,1516665600000000000,118,4,-78.0,756.0
1861,2018-01-24,1516752000000000000,119,4,-80.0,755.0
1862,2018-01-25,1516838400000000000,119,4,-78.0,754.0
1864,2018-01-26,1516924800000000000,120,5,-79.0,753.0
1865,2018-01-27,1517011200000000000,120,5,-78.0,751.0
1866,2018-01-28,1517097600000000000,121,5,-78.0,752.0
1867,2018-01-29,1517184000000000000,121,5,-78.0,751.0
1868,2018-01-30,1517270400000000000,122,5,-79.0,750.0
1869,2018-01-31,1517356800000000000,122,5,-77.0,749.0
1871,2018-02-01,1517443200000000000,123,5,-80.0,748.0
1870,2018-02-02,1517529600000000000,123,5,-78.0,747.0
1872,2018-02-03,1517616000000000000,124,5,-77.0,745.0
1873,2018-02-04,1517702400000000000,124,5,-77.0,745.0
1879,2018-02-05,1517788800000000000,125,5,-79.0,744.0
1875,2018-02-06,1517875200000000000,125,5,-77.0,742.0
1874,2018-02-07,1517961600000000000,126,5,-77.0,741.0
1878,2018-02-08,1518048000000000000,126,5,-78.0,740.0
1876,2018-02-09,1518134400000000000,127,5,-78.0,740.0
1877,2018-02-11,1518307200000000000,127,5,-77.0,740.0
1880,2018-02-12,1518393600000000000,128,5,-78.0,738.0
1881,2018-02-13,1518480000000000000,128,5,-77.0,737.0
1882,2018-02-14,1518566400000000000,129,5,-76.0,736.0
1883,2018-02-15,1518652800000000000,129,5,-76.0,735.0
1884,2018-02-16,1518739200000000000,130,5,-77.0,735.0
1885,2018-02-17,1518825600000000000,130,5,-76.0,734.0
1886,2018-02-18,1518912000000000000,131,5,-76.0,732.0
1887,2018-02-19,1518998400000000000,131,5,-76.0,732.0
1888,2018-02-20,1519084800000000000,132,5,-77.0,731.0
1890,2018-02-21,1519171200000000000,132,5,-78.0,731.0
1891,2018-02-22,1519257600000000000,133,5,-78.0,730.0
1889,2018-02-23,1519344000000000000,133,5,-78.0,730.0
1892,2018-02-24,1519430400000000000,134,5,-77.0,729.0
1894,2018-02-25,1519516800000000000,134,5,-76.0,729.0
1893,2018-02-26,1519603200000000000,135,5,-77.0,728.0
1895,2018-02-27,1519689600000000000,135,5,-77.0,727.0
